order_id,order_date,customer_id,city,category,product,quantity,unit_price,discount,payment_method,status
ORD00001,2026-02-14,CUST0104,Hai Phong,Mobile,Smartphone B,4,7700000,0.08,Card,COMPLETED
ORD00002,2026-01-15,CUST0155,Ha Noi,Laptop,Laptop Edu 13,2,12960000,0,Card,COMPLETED
ORD00003,2026-03-11,CUST0170,Da Nang,Laptop,Laptop Edu 13,2,14060000,0.15,EWallet,COMPLETED
ORD00004,2026-03-28,CUST0024,Ho Chi Minh,Accessory,Mouse Wireless,5,620000,0.15,Cash,COMPLETED
ORD00005,2026-03-16,CUST0087,Ha Noi,Software,Office Suite,1,1010000,0,Card,COMPLETED
ORD00006,2026-01-18,CUST0038,Hue,Software,Cloud Storage,2,970000,0,Cash,COMPLETED
ORD00007,2026-02-11,CUST0150,Ha Noi,Laptop,Laptop Gaming 15,2,13140000,0.1,Cash,COMPLETED
ORD00008,2026-02-25,CUST0071,Da Nang,Laptop,Laptop Edu 13,3,13550000,0,BankTransfer,COMPLETED
ORD00009,2026-02-19,CUST0023,Hue,Mobile,Smartphone B,3,5510000,0.08,EWallet,COMPLETED
ORD00010,2026-03-24,CUST0152,Ha Noi,Mobile,Tablet C,1,6870000,0,Cash,RETURNED
ORD00011,2026-02-13,CUST0188,Ha Noi,Mobile,Tablet C,2,6860000,0,BankTransfer,COMPLETED
ORD00012,2026-03-24,CUST0047,Hai Phong,Laptop,Laptop Pro 14,2,17370000,0.05,Card,COMPLETED
ORD00013,2026-01-24,CUST0205,Hue,Printer,Laser Printer,5,4320000,0.1,Cash,COMPLETED
ORD00014,2026-03-01,CUST0130,Hue,Accessory,Headphone,3,480000,0,Card,COMPLETED
ORD00015,2026-02-19,CUST0086,Can Tho,Software,Antivirus,4,1410000,0,Cash,RETURNED
ORD00016,2026-03-06,CUST0185,Hue,Accessory,USB-C Hub,4,320000,0.15,EWallet,COMPLETED
ORD00017,2026-02-01,CUST0110,Can Tho,Printer,Laser Printer,5,2670000,0.03,Card,COMPLETED
ORD00018,2026-01-05,CUST0156,Ha Noi,Printer,Ink Printer,5,3910000,0,BankTransfer,COMPLETED
ORD00019,2026-03-24,CUST0234,Ho Chi Minh,Printer,Laser Printer,4,2560000,0,EWallet,COMPLETED
ORD00020,2026-02-11,CUST0121,Hue,Printer,Laser Printer,1,3600000,0.1,Cash,COMPLETED
ORD00021,2026-01-02,CUST0081,Da Nang,Software,Office Suite,5,1730000,0.15,EWallet,COMPLETED
ORD00022,2026-02-26,CUST0070,Ha Noi,Mobile,Smartphone B,3,7640000,0.03,Cash,COMPLETED
ORD00023,2026-03-26,CUST0169,Can Tho,Software,Office Suite,5,1370000,0,EWallet,RETURNED
ORD00024,2026-01-25,CUST0096,Da Nang,Software,Antivirus,3,1200000,0,EWallet,COMPLETED
ORD00025,2026-03-26,CUST0114,Can Tho,Laptop,Laptop Gaming 15,5,17490000,0.15,BankTransfer,COMPLETED
ORD00026,2026-02-06,CUST0164,Ho Chi Minh,Printer,Laser Printer,5,4780000,0.15,EWallet,COMPLETED
ORD00027,2026-03-25,CUST0160,Hai Phong,Laptop,Laptop Edu 13,2,17720000,0.03,Cash,COMPLETED
ORD00028,2026-03-15,CUST0141,Da Nang,Mobile,Smartphone B,4,7260000,0.1,Card,CANCELLED
ORD00029,2026-02-25,CUST0027,Can Tho,Mobile,Smartphone B,4,5230000,0.03,Card,COMPLETED
ORD00030,2026-02-11,CUST0062,Hai Phong,Mobile,Tablet C,1,9800000,0.08,EWallet,COMPLETED
ORD00031,2026-03-14,CUST0237,Hue,Laptop,Laptop Pro 14,4,20330000,0,BankTransfer,COMPLETED
ORD00032,2026-03-04,CUST0206,Hai Phong,Laptop,Laptop Gaming 15,1,10120000,0.05,Card,COMPLETED
ORD00033,2026-02-03,CUST0059,Can Tho,Printer,Ink Printer,3,4840000,0,Cash,COMPLETED
ORD00034,2026-02-02,CUST0017,Ha Noi,Mobile,Smartphone A,4,5600000,0.1,BankTransfer,COMPLETED
ORD00035,2026-01-02,CUST0207,Hai Phong,Software,Cloud Storage,3,1640000,0,Card,COMPLETED
ORD00036,2026-02-10,CUST0051,Can Tho,Accessory,USB-C Hub,4,480000,0.05,Card,COMPLETED
ORD00037,2026-02-09,CUST0004,Hue,Laptop,Laptop Edu 13,5,20420000,0,Cash,COMPLETED
ORD00038,2026-01-22,CUST0236,Ho Chi Minh,Printer,Ink Printer,5,2280000,0.03,Cash,COMPLETED
ORD00039,2026-03-06,CUST0010,Da Nang,Printer,Laser Printer,5,3030000,0.08,BankTransfer,COMPLETED
ORD00040,2026-03-05,CUST0077,Ho Chi Minh,Software,Cloud Storage,2,1040000,0,Cash,COMPLETED
ORD00041,2026-01-22,CUST0131,Ha Noi,Accessory,USB-C Hub,1,530000,0,Cash,COMPLETED
ORD00042,2026-02-22,CUST0161,Da Nang,Mobile,Smartphone A,5,5100000,0,EWallet,COMPLETED
ORD00043,2026-03-26,CUST0103,Can Tho,Software,Office Suite,5,1400000,0.1,Cash,RETURNED
ORD00044,2026-02-12,CUST0240,Ha Noi,Software,Antivirus,4,1680000,0.05,Card,COMPLETED
ORD00045,2026-01-03,CUST0045,Hai Phong,Software,Antivirus,3,1130000,0,BankTransfer,COMPLETED
ORD00046,2026-03-25,CUST0132,Hue,Accessory,Keyboard Mechanical,5,480000,0.03,BankTransfer,COMPLETED
ORD00047,2026-03-01,CUST0062,Da Nang,Mobile,Tablet C,5,9570000,0.03,BankTransfer,COMPLETED
ORD00048,2026-02-05,CUST0151,Hai Phong,Printer,Laser Printer,3,2280000,0,EWallet,COMPLETED
ORD00049,2026-03-09,CUST0215,Da Nang,Laptop,Laptop Gaming 15,5,10590000,0.15,EWallet,COMPLETED
ORD00050,2026-03-24,CUST0138,Ha Noi,Accessory,Mouse Wireless,1,350000,0.03,EWallet,COMPLETED
ORD00051,2026-02-11,CUST0081,Ho Chi Minh,Printer,Laser Printer,3,2500000,0.08,EWallet,COMPLETED
ORD00052,2026-03-08,CUST0059,Can Tho,Mobile,Tablet C,3,9770000,0.08,EWallet,COMPLETED
ORD00053,2026-01-02,CUST0141,Ho Chi Minh,Software,Cloud Storage,2,1250000,0,Cash,COMPLETED
ORD00054,2026-01-28,CUST0240,Can Tho,Software,Antivirus,1,1030000,0,Cash,COMPLETED
ORD00055,2026-03-06,CUST0204,Da Nang,Software,Antivirus,0,1290000,0,BankTransfer,COMPLETED
ORD00056,2026-01-01,CUST0240,Da Nang,Printer,Laser Printer,4,3330000,0.03,Cash,COMPLETED
ORD00057,2026-01-04,CUST0171,Can Tho,Accessory,Mouse Wireless,4,660000,0.05,EWallet,COMPLETED
ORD00058,2026-03-02,CUST0175,Da Nang,Printer,Ink Printer,4,4240000,0,Card,COMPLETED
ORD00059,2026-02-23,CUST0028,Can Tho,Laptop,Laptop Edu 13,3,10060000,0,Card,COMPLETED
ORD00060,2026-02-27,CUST0215,Da Nang,Accessory,Mouse Wireless,4,440000,0.05,EWallet,COMPLETED
ORD00061,2026-02-14,CUST0060,Hue,Software,Office Suite,5,1120000,0.08,Cash,COMPLETED
ORD00062,2026-02-15,CUST0049,Da Nang,Accessory,USB-C Hub,3,690000,0,Cash,COMPLETED
ORD00063,2026-02-11,CUST0214,Hue,Printer,Laser Printer,2,3830000,0.05,EWallet,COMPLETED
ORD00064,2026-01-09,CUST0234,Ha Noi,Accessory,Keyboard Mechanical,3,380000,0.05,EWallet,COMPLETED
ORD00065,2026-02-17,CUST0092,Ho Chi Minh,Accessory,Headphone,3,380000,0.15,Cash,COMPLETED
ORD00066,2026-03-16,CUST0124,Da Nang,Accessory,USB-C Hub,5,690000,0.08,Card,COMPLETED
ORD00067,2026-02-27,CUST0177,Hai Phong,Software,Office Suite,3,1120000,0.05,Card,COMPLETED
ORD00068,2026-01-07,CUST0214,Da Nang,Software,Office Suite,2,1240000,0,Cash,COMPLETED
ORD00069,2026-01-10,CUST0163,Hue,Software,Office Suite,2,1640000,0.1,EWallet,COMPLETED
ORD00070,2026-03-09,CUST0105,Ha Noi,Accessory,USB-C Hub,4,440000,0.15,Card,RETURNED
ORD00071,2026-01-19,CUST0147,Hai Phong,Software,Office Suite,4,1380000,0.1,Card,COMPLETED
ORD00072,2026-03-26,CUST0125,Hai Phong,Software,Cloud Storage,3,1370000,0,Card,RETURNED
ORD00073,2026-01-09,CUST0133,Ha Noi,Software,Antivirus,4,1550000,0,Cash,COMPLETED
ORD00074,2026-02-13,CUST0075,Hai Phong,Software,Office Suite,3,870000,0,Card,COMPLETED
ORD00075,2026-03-31,CUST0035,Ha Noi,Accessory,USB-C Hub,2,390000,0,EWallet,CANCELLED
ORD00076,2026-03-25,CUST0008,Can Tho,Accessory,USB-C Hub,4,330000,0,EWallet,COMPLETED
ORD00077,2026-02-08,CUST0161,Ho Chi Minh,Printer,Ink Printer,5,4220000,0.05,Cash,COMPLETED
ORD00078,2026-02-16,CUST0115,Da Nang,Printer,Ink Printer,2,3390000,0.15,EWallet,COMPLETED
ORD00079,2026-03-08,CUST0002,Ho Chi Minh,Printer,Ink Printer,2,3790000,0.05,EWallet,COMPLETED
ORD00080,2026-03-31,CUST0031,Ho Chi Minh,Accessory,Mouse Wireless,3,330000,0.05,EWallet,COMPLETED
ORD00081,2026-02-21,CUST0136,Da Nang,Printer,Laser Printer,5,3700000,0,BankTransfer,COMPLETED
ORD00082,2026-01-22,CUST0116,Hai Phong,Laptop,Laptop Gaming 15,4,11530000,0.15,EWallet,COMPLETED
ORD00083,2026-03-15,CUST0001,Hai Phong,Laptop,Laptop Gaming 15,2,11670000,0,Cash,COMPLETED
ORD00084,2026-02-23,CUST0232,Ha Noi,Accessory,Mouse Wireless,5,640000,0,BankTransfer,COMPLETED
ORD00085,2026-03-12,CUST0018,Ho Chi Minh,Accessory,Keyboard Mechanical,4,360000,0.03,Cash,COMPLETED
ORD00086,2026-03-29,CUST0027,Hai Phong,Accessory,USB-C Hub,3,460000,0.05,Card,COMPLETED
ORD00087,2026-02-28,CUST0042,Hue,Software,Cloud Storage,4,1500000,0.03,Card,RETURNED
ORD00088,2026-03-17,CUST0172,Ho Chi Minh,Laptop,Laptop Gaming 15,3,20810000,0.1,EWallet,COMPLETED
ORD00089,2026-03-13,CUST0225,Ho Chi Minh,Software,Cloud Storage,5,1450000,0.08,Card,COMPLETED
ORD00090,2026-01-08,CUST0070,Can Tho,Printer,Ink Printer,1,5050000,0,BankTransfer,COMPLETED
ORD00091,2026-02-18,CUST0239,Ho Chi Minh,Printer,Laser Printer,5,2410000,0.08,Cash,COMPLETED
ORD00092,2026-03-17,CUST0136,Hue,Mobile,Tablet C,5,7820000,0.1,BankTransfer,COMPLETED
ORD00093,2026-01-12,CUST0133,Ho Chi Minh,Software,Cloud Storage,1,1440000,0.15,Cash,COMPLETED
ORD00094,2026-03-16,CUST0127,Da Nang,Mobile,Smartphone B,5,9240000,0.15,EWallet,COMPLETED
ORD00095,2026-03-10,CUST0084,Da Nang,Laptop,Laptop Pro 14,3,21420000,0,BankTransfer,RETURNED
ORD00096,2026-03-24,CUST0101,Ha Noi,Accessory,Mouse Wireless,2,700000,0,Card,COMPLETED
ORD00097,2026-02-09,CUST0139,Hue,Printer,Laser Printer,1,3130000,0,Cash,COMPLETED
ORD00098,2026-02-14,CUST0021,Ho Chi Minh,Mobile,Tablet C,5,9240000,0.1,BankTransfer,COMPLETED
ORD00099,2026-01-06,CUST0152,Da Nang,Printer,Ink Printer,4,4990000,0,Card,COMPLETED
ORD00100,2026-03-07,CUST0111,Ho Chi Minh,Software,Antivirus,4,1650000,0.08,EWallet,COMPLETED
ORD00101,2026-03-28,CUST0039,Ha Noi,Mobile,Smartphone A,5,9840000,0,BankTransfer,COMPLETED
ORD00102,2026-01-12,CUST0225,Hai Phong,Printer,Ink Printer,1,3990000,0,BankTransfer,COMPLETED
ORD00103,2026-02-10,CUST0094,Hue,Software,Antivirus,3,1410000,0.15,Cash,COMPLETED
ORD00104,2026-02-18,CUST0139,Hue,Laptop,Laptop Edu 13,2,10020000,0,Card,COMPLETED
ORD00105,2026-03-08,CUST0030,Can Tho,Software,Office Suite,4,1710000,0,EWallet,RETURNED
ORD00106,2026-03-29,CUST0191,Hue,Printer,Laser Printer,4,3210000,0.15,Card,COMPLETED
ORD00107,2026-01-03,CUST0113,Hai Phong,Printer,Ink Printer,3,3050000,0.05,EWallet,RETURNED
ORD00108,2026-03-16,CUST0213,Da Nang,Laptop,Laptop Pro 14,2,21260000,0,BankTransfer,COMPLETED
ORD00109,2026-03-23,CUST0240,Hai Phong,Software,Antivirus,5,810000,0.05,Card,COMPLETED
ORD00110,2026-03-30,CUST0081,Can Tho,Software,Antivirus,4,1040000,0.15,EWallet,COMPLETED
ORD00111,2026-01-19,CUST0065,Hai Phong,Software,Cloud Storage,1,1700000,0.15,EWallet,COMPLETED
ORD00112,2026-01-05,CUST0021,Hai Phong,Accessory,Headphone,5,330000,0.1,Cash,CANCELLED
ORD00113,2026-02-24,CUST0160,Hai Phong,Accessory,Headphone,4,490000,0.1,Card,COMPLETED
ORD00114,2026-02-17,CUST0003,Hai Phong,Software,Cloud Storage,4,1700000,0.05,EWallet,COMPLETED
ORD00115,2026-03-24,CUST0139,Da Nang,Laptop,Laptop Edu 13,3,17090000,0,BankTransfer,COMPLETED
ORD00116,2026-02-13,CUST0167,Can Tho,Mobile,Tablet C,1,7870000,0,Cash,CANCELLED
ORD00117,2026-01-08,CUST0168,Hue,Printer,Laser Printer,3,5030000,0.15,Cash,COMPLETED
ORD00118,2026-03-11,CUST0007,Da Nang,Mobile,Tablet C,4,8760000,0.03,EWallet,COMPLETED
ORD00119,2026-02-24,CUST0069,Ha Noi,Accessory,Keyboard Mechanical,1,400000,0,Cash,COMPLETED
ORD00120,2026-01-18,CUST0182,Ho Chi Minh,Mobile,Smartphone A,5,4800000,0.08,Card,CANCELLED
ORD00121,2026-03-17,CUST0128,,Accessory,Keyboard Mechanical,5,520000,0.05,BankTransfer,COMPLETED
ORD00122,2026-02-03,CUST0061,Hai Phong,Mobile,Smartphone B,1,9550000,0,Cash,COMPLETED
ORD00123,2026-03-21,CUST0112,Ha Noi,Software,Antivirus,2,1680000,0.03,Card,COMPLETED
ORD00124,2026-03-08,CUST0172,Hue,Mobile,Tablet C,3,8370000,0,Card,COMPLETED
ORD00125,2026-01-27,CUST0109,Hue,Accessory,Keyboard Mechanical,5,710000,0,EWallet,COMPLETED
ORD00126,2026-03-20,CUST0228,Can Tho,Accessory,USB-C Hub,1,350000,0,BankTransfer,COMPLETED
ORD00127,2026-03-13,CUST0107,Hue,Software,Antivirus,1,1440000,0.1,BankTransfer,CANCELLED
ORD00128,2026-01-18,CUST0144,Ho Chi Minh,Laptop,Laptop Gaming 15,3,19380000,0,BankTransfer,COMPLETED
ORD00129,2026-03-17,CUST0227,Ha Noi,Laptop,Laptop Gaming 15,2,21240000,0,BankTransfer,COMPLETED
ORD00130,2026-02-09,CUST0101,Ho Chi Minh,Mobile,Smartphone A,2,4900000,0,Card,COMPLETED
ORD00131,2026-01-17,CUST0005,Da Nang,Accessory,Keyboard Mechanical,1,530000,0,BankTransfer,COMPLETED
ORD00132,2026-02-11,CUST0065,Can Tho,Laptop,Laptop Gaming 15,1,17390000,0.08,EWallet,COMPLETED
ORD00133,2026-02-14,CUST0162,Hue,Printer,Ink Printer,1,3500000,0.08,BankTransfer,COMPLETED
ORD00134,2026-01-27,CUST0082,Ho Chi Minh,Laptop,Laptop Edu 13,3,19920000,0,Card,COMPLETED
ORD00135,2026-01-08,CUST0208,Ha Noi,Printer,Laser Printer,4,3100000,0,EWallet,COMPLETED
ORD00136,2026-03-02,CUST0183,Hue,Laptop,Laptop Edu 13,5,16420000,0.05,BankTransfer,COMPLETED
ORD00137,2026-03-07,CUST0023,Hue,Accessory,Mouse Wireless,3,700000,0.03,BankTransfer,COMPLETED
ORD00138,2026-02-01,CUST0071,Hai Phong,Laptop,Laptop Edu 13,1,9950000,0.03,BankTransfer,COMPLETED
ORD00139,2026-03-12,CUST0142,Ha Noi,Printer,Laser Printer,5,2830000,0,Card,RETURNED
ORD00140,2026-01-02,CUST0047,Da Nang,Printer,Laser Printer,5,4310000,0,Card,COMPLETED
ORD00141,2026-03-25,CUST0209,Can Tho,Laptop,Laptop Edu 13,4,20810000,0,Card,CANCELLED
ORD00142,2026-01-12,CUST0172,Da Nang,Laptop,Laptop Gaming 15,4,14800000,0.03,EWallet,COMPLETED
ORD00143,2026-01-13,CUST0078,Hue,Mobile,Smartphone B,2,9760000,0.1,EWallet,COMPLETED
ORD00144,2026-01-12,CUST0099,Hue,Accessory,Mouse Wireless,4,380000,0.15,EWallet,COMPLETED
ORD00145,2026-02-26,CUST0168,Can Tho,Printer,Laser Printer,5,4490000,0.05,Cash,COMPLETED
ORD00146,2026-02-20,CUST0234,Hai Phong,Laptop,Laptop Edu 13,2,17270000,0,Cash,COMPLETED
ORD00147,2026-03-31,CUST0175,Ha Noi,Software,Cloud Storage,2,1470000,0,Card,COMPLETED
ORD00148,2026-01-28,CUST0160,Can Tho,Mobile,Tablet C,5,7350000,0.05,Card,CANCELLED
ORD00149,2026-01-22,CUST0096,Hai Phong,Software,Antivirus,3,880000,0.08,Card,COMPLETED
ORD00150,2026-01-03,CUST0079,Can Tho,Software,Office Suite,4,900000,0,Cash,COMPLETED
ORD00151,2026-01-20,CUST0061,Da Nang,Accessory,Keyboard Mechanical,2,470000,0.1,BankTransfer,COMPLETED
ORD00152,2026-03-04,CUST0196,Hai Phong,Mobile,Smartphone B,4,5530000,0.1,BankTransfer,COMPLETED
ORD00153,2026-03-02,CUST0227,Ha Noi,Mobile,Tablet C,1,9710000,0.03,BankTransfer,COMPLETED
ORD00154,2026-03-14,CUST0149,Ha Noi,Mobile,Smartphone B,2,8230000,0,Card,COMPLETED
ORD00155,2026-03-02,CUST0003,Ho Chi Minh,Laptop,Laptop Edu 13,2,16480000,0,Cash,COMPLETED
ORD00156,2026-03-13,CUST0016,Hai Phong,Accessory,USB-C Hub,4,420000,0.1,BankTransfer,COMPLETED
ORD00157,2026-02-01,CUST0040,Da Nang,Mobile,Smartphone A,3,5250000,0.1,BankTransfer,COMPLETED
ORD00158,2026-03-11,CUST0222,Hai Phong,Software,Office Suite,4,1340000,0.08,Cash,CANCELLED
ORD00159,2026-01-19,CUST0122,Da Nang,Mobile,Smartphone B,5,10040000,0,Cash,COMPLETED
ORD00160,2026-02-20,CUST0150,Hue,Mobile,Smartphone A,3,8290000,0.05,Card,COMPLETED
ORD00161,2026-01-12,CUST0013,Da Nang,Laptop,Laptop Gaming 15,1,12060000,0.03,BankTransfer,COMPLETED
ORD00162,2026-02-10,CUST0047,Ho Chi Minh,Laptop,Laptop Edu 13,4,13810000,0,EWallet,COMPLETED
ORD00163,2026-01-03,CUST0067,Ho Chi Minh,Software,Office Suite,4,1170000,0,Card,COMPLETED
ORD00164,2026-03-29,CUST0019,Ho Chi Minh,Mobile,Tablet C,4,8600000,0,Card,COMPLETED
ORD00165,2026-01-05,CUST0056,Ha Noi,Mobile,Smartphone B,5,5580000,0,Card,COMPLETED
ORD00166,2026-02-03,CUST0028,Ho Chi Minh,Accessory,USB-C Hub,1,570000,0,Card,CANCELLED
ORD00167,2026-01-19,CUST0184,Ha Noi,Accessory,Keyboard Mechanical,1,370000,0,Card,CANCELLED
ORD00168,2026-02-21,CUST0103,Can Tho,Mobile,Tablet C,5,8200000,0.05,Card,COMPLETED
ORD00169,2026-01-05,CUST0230,Hue,Software,Office Suite,5,1580000,0.03,Card,CANCELLED
ORD00170,2026-03-17,CUST0240,Can Tho,Printer,Laser Printer,2,3610000,0,BankTransfer,COMPLETED
ORD00171,2026-03-17,CUST0192,Hue,Mobile,Tablet C,1,5430000,0.08,Card,COMPLETED
ORD00172,2026-03-15,CUST0099,Da Nang,Printer,Laser Printer,1,3550000,0.08,BankTransfer,COMPLETED
ORD00173,2026-01-19,CUST0140,Ha Noi,Accessory,Keyboard Mechanical,2,390000,0,Card,COMPLETED
ORD00174,2026-01-14,CUST0082,Can Tho,Laptop,Laptop Gaming 15,3,18130000,0,Cash,COMPLETED
ORD00175,2026-01-17,CUST0036,Ha Noi,Laptop,Laptop Edu 13,5,14140000,0,Card,COMPLETED
ORD00176,2026-03-04,CUST0022,Ha Noi,Accessory,USB-C Hub,1,330000,0.1,Card,COMPLETED
ORD00177,2026-01-17,CUST0017,Ho Chi Minh,Printer,Ink Printer,5,4400000,0,Cash,COMPLETED
ORD00178,2026-03-28,CUST0088,Can Tho,Mobile,Smartphone B,2,6280000,0.08,BankTransfer,RETURNED
ORD00179,2026-03-18,CUST0166,Hue,Printer,Laser Printer,5,4990000,0.1,Card,COMPLETED
ORD00180,2026-01-14,CUST0230,Hue,Accessory,USB-C Hub,5,360000,0,Card,COMPLETED
ORD00181,2026-03-18,CUST0060,Can Tho,Mobile,Smartphone B,5,9600000,0,BankTransfer,COMPLETED
ORD00182,2026-03-03,CUST0214,Hue,Printer,Ink Printer,4,3110000,0.15,EWallet,COMPLETED
ORD00183,2026-03-22,CUST0139,Ha Noi,Software,Office Suite,4,1160000,0.1,Card,RETURNED
ORD00184,2026-03-22,CUST0191,Hai Phong,Mobile,Tablet C,2,7210000,0.05,BankTransfer,COMPLETED
ORD00185,2026-03-13,CUST0071,Hai Phong,Laptop,Laptop Gaming 15,3,14250000,0,Cash,COMPLETED
ORD00186,2026-01-03,CUST0055,Ha Noi,Printer,Laser Printer,4,3110000,0.15,BankTransfer,RETURNED
ORD00187,2026-01-25,CUST0010,Ho Chi Minh,Software,Office Suite,1,1430000,0,Card,COMPLETED
ORD00188,2026-02-15,CUST0159,Da Nang,Accessory,Keyboard Mechanical,4,530000,0,EWallet,COMPLETED
ORD00189,2026-03-21,CUST0134,Hue,Accessory,Keyboard Mechanical,1,650000,0,EWallet,COMPLETED
ORD00190,2026-01-26,CUST0203,Ha Noi,Mobile,Tablet C,4,6600000,0.1,EWallet,COMPLETED
ORD00191,2026-02-25,CUST0045,Ho Chi Minh,Accessory,Mouse Wireless,4,620000,0.15,EWallet,CANCELLED
ORD00192,2026-03-16,CUST0049,Da Nang,Mobile,Smartphone B,2,5350000,0,Cash,COMPLETED
ORD00193,2026-01-07,CUST0077,Hai Phong,Mobile,Smartphone B,5,5110000,0,Cash,COMPLETED
ORD00194,2026-03-15,CUST0172,Hue,Printer,Laser Printer,5,2990000,0.08,Card,COMPLETED
ORD00195,2026-01-31,CUST0086,Ha Noi,Mobile,Smartphone B,3,5430000,0.03,Card,COMPLETED
ORD00196,2026-02-21,CUST0190,Da Nang,Mobile,Smartphone A,5,7820000,0.15,Cash,COMPLETED
ORD00197,2026-03-09,CUST0003,Hai Phong,Accessory,Headphone,5,420000,0.08,Card,COMPLETED
ORD00198,2026-01-21,CUST0146,Hai Phong,Printer,Ink Printer,5,4720000,0.05,BankTransfer,RETURNED
ORD00199,2026-02-15,CUST0037,Hue,Laptop,Laptop Gaming 15,4,11320000,0.1,EWallet,COMPLETED
ORD00200,2026-02-04,CUST0096,Can Tho,Software,Antivirus,2,1350000,0.03,EWallet,COMPLETED
ORD00201,2026-03-25,CUST0176,Ho Chi Minh,Software,Cloud Storage,3,1270000,0.08,EWallet,COMPLETED
ORD00202,2026-02-06,CUST0118,Ha Noi,Mobile,Smartphone B,3,5940000,0.1,Card,COMPLETED
ORD00203,2026-03-12,CUST0067,Can Tho,Accessory,USB-C Hub,4,560000,0.08,Cash,CANCELLED
ORD00204,2026-01-02,CUST0228,Ha Noi,Software,Antivirus,5,1690000,0.08,BankTransfer,COMPLETED
ORD00205,2026-01-27,CUST0203,Hue,Mobile,Smartphone B,2,10000000,0.15,Cash,COMPLETED
ORD00206,2026-03-12,CUST0033,Hai Phong,Laptop,Laptop Edu 13,1,21060000,0.1,EWallet,COMPLETED
ORD00207,2026-02-17,CUST0164,Ho Chi Minh,Laptop,Laptop Edu 13,3,21700000,0.1,Cash,COMPLETED
ORD00208,2026-03-16,CUST0218,Ha Noi,Accessory,Mouse Wireless,5,330000,0.05,Cash,CANCELLED
ORD00209,2026-03-08,CUST0162,Ho Chi Minh,Mobile,Smartphone B,5,5810000,0.03,EWallet,COMPLETED
ORD00210,2026-03-26,CUST0055,Hue,Software,Office Suite,5,1500000,0.08,BankTransfer,COMPLETED
ORD00211,2026-03-31,CUST0114,Ho Chi Minh,Software,Cloud Storage,1,1160000,0.05,EWallet,COMPLETED
ORD00212,2026-01-30,CUST0170,Ho Chi Minh,Mobile,Tablet C,2,-9550000,0.05,Cash,COMPLETED
ORD00213,2026-01-15,CUST0070,Ha Noi,Printer,Ink Printer,3,4640000,0,Cash,CANCELLED
ORD00214,2026-01-24,CUST0091,Hai Phong,Laptop,Laptop Pro 14,2,17070000,0.05,Card,COMPLETED
ORD00215,2026-01-08,CUST0057,Ha Noi,Accessory,Mouse Wireless,5,650000,0.03,EWallet,RETURNED
ORD00216,2026-03-31,CUST0085,Da Nang,Mobile,Smartphone B,3,8420000,0.08,Cash,RETURNED
ORD00217,2026-03-03,CUST0240,Ha Noi,Laptop,Laptop Edu 13,2,18720000,0.08,BankTransfer,COMPLETED
ORD00218,2026-02-15,CUST0005,Da Nang,Accessory,Headphone,4,380000,0.08,Cash,COMPLETED
ORD00219,2026-03-03,CUST0185,Hue,Software,Cloud Storage,4,1580000,0.15,Card,CANCELLED
ORD00220,2026-02-28,CUST0050,Ho Chi Minh,Accessory,Keyboard Mechanical,4,650000,0.15,EWallet,COMPLETED
ORD00221,2026-02-02,CUST0025,Ho Chi Minh,Accessory,Keyboard Mechanical,5,650000,0,BankTransfer,COMPLETED
ORD00222,2026-01-02,CUST0224,Hue,Printer,Ink Printer,2,3660000,0,EWallet,COMPLETED
ORD00223,2026-02-05,CUST0164,Can Tho,Printer,Laser Printer,2,4080000,0.15,Card,COMPLETED
ORD00224,2026-02-01,CUST0221,Hai Phong,Software,Office Suite,4,810000,0.08,EWallet,COMPLETED
ORD00225,2026-02-02,CUST0197,Hue,Printer,Ink Printer,2,4860000,0,BankTransfer,COMPLETED
ORD00226,2026-02-21,CUST0073,Hai Phong,Accessory,Mouse Wireless,1,530000,0,Card,COMPLETED
ORD00227,2026-01-04,CUST0118,Da Nang,Software,Cloud Storage,5,1350000,0,Card,COMPLETED
ORD00228,2026-02-24,CUST0210,Da Nang,Laptop,Laptop Edu 13,5,12880000,0.05,EWallet,COMPLETED
ORD00229,2026-02-17,CUST0229,Can Tho,Accessory,Headphone,1,460000,0,EWallet,COMPLETED
ORD00230,2026-03-30,CUST0067,Can Tho,Mobile,Tablet C,4,7340000,0.15,Card,COMPLETED
ORD00231,2026-01-15,CUST0132,Can Tho,Accessory,Headphone,5,700000,0.1,Card,COMPLETED
ORD00232,2026-01-27,CUST0013,Ha Noi,Printer,Ink Printer,4,4680000,0,Cash,COMPLETED
ORD00233,2026-03-20,CUST0168,Da Nang,Software,Office Suite,4,1580000,0,BankTransfer,COMPLETED
ORD00234,2026-02-17,CUST0022,Ho Chi Minh,Software,Antivirus,1,1530000,0.03,EWallet,COMPLETED
ORD00235,2026-01-30,CUST0145,Hue,Laptop,Laptop Pro 14,3,12020000,0,BankTransfer,COMPLETED
ORD00236,2026-02-13,CUST0037,Can Tho,Accessory,Headphone,1,690000,0.08,EWallet,COMPLETED
ORD00237,2026-01-21,CUST0200,Ho Chi Minh,Mobile,Tablet C,5,5040000,0.03,Cash,RETURNED
ORD00238,2026-02-08,CUST0064,Hai Phong,Mobile,Tablet C,5,4970000,0.1,EWallet,COMPLETED
ORD00239,2026-03-27,CUST0168,Can Tho,Laptop,Laptop Pro 14,5,21220000,0.03,Cash,COMPLETED
ORD00240,2026-01-02,CUST0214,Ha Noi,Mobile,Tablet C,2,9820000,0.15,Card,CANCELLED
ORD00241,2026-03-29,CUST0015,Da Nang,Mobile,Smartphone A,4,6690000,0.1,EWallet,COMPLETED
ORD00242,2026-02-11,CUST0089,Ha Noi,Mobile,Smartphone A,3,4660000,0.1,BankTransfer,COMPLETED
ORD00243,2026-02-20,CUST0047,Hue,Laptop,Laptop Pro 14,2,11680000,0,BankTransfer,RETURNED
ORD00244,2026-01-05,CUST0123,Hai Phong,Software,Office Suite,4,1560000,0,EWallet,RETURNED
ORD00245,2026-02-09,CUST0236,Can Tho,Mobile,Smartphone B,3,8060000,0.08,Cash,COMPLETED
ORD00246,2026-03-17,CUST0159,Ha Noi,Accessory,Mouse Wireless,2,670000,0.15,Cash,CANCELLED
ORD00247,2026-02-09,CUST0218,Ha Noi,Accessory,USB-C Hub,4,640000,0.03,Card,COMPLETED
ORD00248,2026-03-25,CUST0001,Ha Noi,Software,Office Suite,3,1340000,0,Card,CANCELLED
ORD00249,2026-03-02,CUST0232,Da Nang,Printer,Ink Printer,1,2590000,0.08,EWallet,COMPLETED
ORD00250,2026-03-19,CUST0141,Hue,Printer,Laser Printer,5,3720000,0.1,EWallet,COMPLETED
ORD00251,2026-03-11,CUST0104,Da Nang,Mobile,Tablet C,3,9930000,0.08,Cash,RETURNED
ORD00252,2026-02-22,CUST0146,Can Tho,Mobile,Tablet C,3,9070000,0.08,EWallet,COMPLETED
ORD00253,2026-01-21,CUST0163,Hai Phong,Mobile,Tablet C,1,5380000,0,EWallet,COMPLETED
ORD00254,2026-03-27,CUST0238,Ho Chi Minh,Mobile,Smartphone B,1,6700000,0.1,Card,RETURNED
ORD00255,2026-02-13,CUST0144,Da Nang,Mobile,Tablet C,2,7040000,0,Cash,COMPLETED
ORD00256,2026-03-13,CUST0070,Hai Phong,Printer,Laser Printer,2,4810000,0.03,EWallet,CANCELLED
ORD00257,2026-01-24,CUST0138,Ha Noi,Accessory,USB-C Hub,3,560000,0.08,Card,COMPLETED
ORD00258,2026-03-10,CUST0003,Ho Chi Minh,Mobile,Smartphone B,2,6420000,0.15,EWallet,RETURNED
ORD00259,2026-03-15,CUST0037,Can Tho,Software,Office Suite,4,1600000,0.1,Card,COMPLETED
ORD00260,2026-01-12,CUST0048,Da Nang,Mobile,Smartphone B,5,7850000,0,Card,COMPLETED
ORD00261,2026-03-14,CUST0015,Hue,Software,Antivirus,3,1590000,0.15,Card,COMPLETED
ORD00262,2026-03-22,CUST0034,Hue,Accessory,Headphone,4,540000,0.03,Card,COMPLETED
ORD00263,2026-02-07,CUST0121,Da Nang,Software,Office Suite,2,1160000,0.1,BankTransfer,COMPLETED
ORD00264,2026-02-22,CUST0205,Hai Phong,Accessory,Headphone,3,640000,0.08,Card,COMPLETED
ORD00265,2026-01-18,CUST0238,Hue,Printer,Ink Printer,2,4900000,0.05,Card,COMPLETED
ORD00266,2026-01-25,CUST0046,Hai Phong,Mobile,Smartphone A,4,9070000,0,BankTransfer,COMPLETED
ORD00267,2026-03-30,CUST0129,Hai Phong,Mobile,Tablet C,2,7660000,0.1,Cash,COMPLETED
ORD00268,2026-02-09,CUST0021,Da Nang,Mobile,Tablet C,4,5150000,0.03,EWallet,COMPLETED
ORD00269,2026-01-29,CUST0055,Da Nang,Printer,Ink Printer,4,5050000,0.05,Cash,COMPLETED
ORD00270,2026-01-25,CUST0059,Da Nang,Software,Office Suite,4,1400000,0,EWallet,COMPLETED
ORD00271,2026-02-07,CUST0122,Can Tho,Software,Cloud Storage,2,1190000,0,Cash,COMPLETED
ORD00272,2026-03-30,CUST0116,Hue,Mobile,Tablet C,3,7400000,0,Cash,COMPLETED
ORD00273,2026-02-22,CUST0170,Da Nang,Laptop,Laptop Edu 13,1,20260000,0.1,Card,COMPLETED
ORD00274,2026-02-27,CUST0049,Can Tho,Laptop,Laptop Gaming 15,2,17450000,0,BankTransfer,COMPLETED
ORD00275,2026-02-22,CUST0012,Da Nang,Laptop,Laptop Pro 14,5,9880000,0.03,Card,CANCELLED
ORD00276,2026-02-25,CUST0074,Da Nang,Laptop,Laptop Gaming 15,3,20240000,0.1,Card,COMPLETED
ORD00277,2026-02-20,CUST0058,Ho Chi Minh,Printer,Laser Printer,5,3190000,0.03,Card,COMPLETED
ORD00278,2026-01-26,CUST0095,Ho Chi Minh,Mobile,Smartphone A,4,6130000,0,EWallet,COMPLETED
ORD00279,2026-03-14,CUST0086,Da Nang,Printer,Ink Printer,2,4790000,0.08,EWallet,COMPLETED
ORD00280,2026-01-31,CUST0041,Hue,Laptop,Laptop Pro 14,1,11680000,0,BankTransfer,COMPLETED
ORD00281,2026-03-16,CUST0076,Ho Chi Minh,Laptop,Laptop Edu 13,4,20010000,0,Cash,COMPLETED
ORD00282,2026-03-19,CUST0004,Can Tho,Laptop,Laptop Gaming 15,3,18350000,0.03,Cash,RETURNED
ORD00283,2026-02-10,CUST0130,Hai Phong,Printer,Ink Printer,4,2930000,0,BankTransfer,COMPLETED
ORD00284,2026-02-16,CUST0227,Ho Chi Minh,Software,Cloud Storage,5,1670000,0,BankTransfer,COMPLETED
ORD00285,2026-01-18,CUST0004,Ha Noi,Software,Office Suite,4,830000,0,EWallet,COMPLETED
ORD00286,2026-02-18,CUST0113,Hue,Software,Office Suite,1,1030000,0,Card,RETURNED
ORD00287,2026-03-18,CUST0222,Ha Noi,Mobile,Smartphone A,3,9670000,0,Cash,COMPLETED
ORD00288,2026-03-22,CUST0071,Can Tho,Accessory,USB-C Hub,3,350000,0.15,Cash,COMPLETED
ORD00289,2026-02-16,CUST0061,Ha Noi,Mobile,Smartphone B,2,6050000,0.05,Cash,COMPLETED
ORD00290,2026-01-05,CUST0098,Hue,Software,Office Suite,2,1650000,0,Card,COMPLETED
ORD00291,2026-01-08,CUST0160,Can Tho,Mobile,Smartphone B,5,9110000,0,EWallet,COMPLETED
ORD00292,2026-03-23,CUST0109,Hue,Printer,Laser Printer,2,4340000,0,Cash,COMPLETED
ORD00293,2026-03-06,CUST0021,Da Nang,Laptop,Laptop Edu 13,1,12700000,0,Card,COMPLETED
ORD00294,2026-02-05,CUST0237,Hue,Mobile,Smartphone B,4,6320000,0.03,Card,COMPLETED
ORD00295,2026-03-31,CUST0122,Ha Noi,Software,Antivirus,2,1150000,0.03,EWallet,RETURNED
ORD00296,2026-02-02,CUST0193,Can Tho,Printer,Ink Printer,3,3410000,0.1,Card,COMPLETED
ORD00297,2026-02-06,CUST0087,Ha Noi,Mobile,Smartphone B,1,7340000,0,Cash,COMPLETED
ORD00298,2026-01-02,CUST0187,Ho Chi Minh,Laptop,Laptop Edu 13,2,17130000,0.03,Cash,COMPLETED
ORD00299,2026-01-12,CUST0089,Da Nang,Laptop,Laptop Gaming 15,3,21500000,0.15,BankTransfer,COMPLETED
ORD00300,2026-01-10,CUST0234,Ho Chi Minh,Printer,Laser Printer,5,2510000,0.1,EWallet,COMPLETED
ORD00301,2026-01-21,CUST0008,Hue,Mobile,Tablet C,4,9200000,0.05,EWallet,COMPLETED
ORD00302,2026-02-20,CUST0194,Hue,Laptop,Laptop Edu 13,3,13140000,0.05,BankTransfer,COMPLETED
ORD00303,2026-03-21,CUST0151,Hai Phong,Accessory,Keyboard Mechanical,4,350000,0.05,EWallet,COMPLETED
ORD00304,2026-01-18,CUST0239,Ha Noi,Laptop,Laptop Edu 13,3,19640000,0.05,Cash,COMPLETED
ORD00305,2026-02-25,CUST0208,Ho Chi Minh,Software,Cloud Storage,1,900000,0.1,Cash,COMPLETED
ORD00306,2026-03-07,CUST0009,Da Nang,Software,Cloud Storage,4,1090000,0.08,Cash,COMPLETED
ORD00307,2026-02-01,CUST0093,Ha Noi,Laptop,Laptop Gaming 15,1,14660000,0,Card,COMPLETED
ORD00308,2026-02-01,CUST0117,Can Tho,Laptop,Laptop Edu 13,3,17070000,0.15,EWallet,CANCELLED
ORD00309,2026-03-29,CUST0240,Ha Noi,Accessory,USB-C Hub,4,570000,0.15,EWallet,COMPLETED
ORD00310,2026-01-02,CUST0117,Hai Phong,Mobile,Tablet C,1,7680000,0.05,Cash,COMPLETED
ORD00311,2026-02-26,CUST0222,Da Nang,Software,Cloud Storage,4,1440000,0.15,Card,RETURNED
ORD00312,2026-01-08,CUST0130,Ha Noi,Laptop,Laptop Pro 14,2,11330000,0,Cash,COMPLETED
ORD00313,2026-01-23,CUST0206,Da Nang,Printer,Laser Printer,1,2740000,0,EWallet,COMPLETED
ORD00314,2026-02-26,CUST0174,Can Tho,Printer,Ink Printer,1,2940000,0.05,Cash,COMPLETED
ORD00315,2026-03-15,CUST0049,Ho Chi Minh,Laptop,Laptop Pro 14,1,18020000,0,EWallet,COMPLETED
ORD00316,2026-02-28,CUST0061,Can Tho,Mobile,Smartphone A,3,7270000,0,BankTransfer,COMPLETED
ORD00317,2026-02-16,CUST0058,Hue,Software,Office Suite,1,880000,0.03,Cash,COMPLETED
ORD00318,2026-02-08,CUST0002,Hai Phong,Accessory,USB-C Hub,3,560000,0.03,Cash,COMPLETED
ORD00319,2026-02-02,CUST0089,Hai Phong,Software,Antivirus,5,1660000,0.03,BankTransfer,COMPLETED
ORD00320,2026-02-13,CUST0187,Da Nang,Laptop,Laptop Edu 13,2,13770000,0.03,Card,COMPLETED
ORD00321,2026-03-08,CUST0203,Ho Chi Minh,Software,Cloud Storage,1,830000,0.1,BankTransfer,COMPLETED
ORD00322,2026-03-12,CUST0018,Hai Phong,Printer,Laser Printer,2,3990000,0.03,Cash,COMPLETED
ORD00323,2026-01-20,CUST0064,Ha Noi,Laptop,Laptop Pro 14,3,18490000,0.08,Card,COMPLETED
ORD00324,2026-01-24,CUST0209,Hue,Software,Cloud Storage,3,990000,0.1,BankTransfer,COMPLETED
ORD00325,2026-03-27,CUST0093,Hai Phong,Software,Office Suite,1,1230000,0,Cash,COMPLETED
ORD00326,2026-01-09,CUST0160,Ha Noi,Software,Office Suite,3,1100000,0.05,BankTransfer,COMPLETED
ORD00327,2026-02-02,CUST0139,Hai Phong,Printer,Laser Printer,2,3390000,0.15,Cash,COMPLETED
ORD00328,2026-03-08,CUST0180,Can Tho,Printer,Ink Printer,5,3780000,0.03,Card,COMPLETED
ORD00329,2026-01-22,CUST0044,Ho Chi Minh,Software,Antivirus,2,1110000,0.05,BankTransfer,COMPLETED
ORD00330,2026-03-16,CUST0064,Hue,Software,Office Suite,3,980000,0.05,BankTransfer,COMPLETED
ORD00331,2026-01-18,CUST0125,Hai Phong,Laptop,Laptop Edu 13,1,14790000,0,Cash,COMPLETED
ORD00332,2026-01-30,CUST0193,Da Nang,Mobile,Smartphone A,2,8490000,0.08,Cash,COMPLETED
ORD00333,2026-02-27,CUST0129,Da Nang,Printer,Ink Printer,5,4700000,0.05,Card,COMPLETED
ORD00334,2026-03-03,CUST0180,Hai Phong,Mobile,Smartphone B,2,5660000,0.03,Cash,COMPLETED
ORD00335,2026-03-23,CUST0037,Da Nang,Mobile,Tablet C,4,9330000,0.03,EWallet,CANCELLED
ORD00336,2026-03-10,CUST0188,Ho Chi Minh,Software,Office Suite,5,1010000,0.15,Card,COMPLETED
ORD00337,2026-03-18,CUST0103,Ha Noi,Printer,Ink Printer,3,3030000,0,Card,COMPLETED
ORD00338,2026-03-08,CUST0129,Da Nang,Printer,Ink Printer,4,3910000,0.08,BankTransfer,COMPLETED
ORD00339,2026-03-18,CUST0138,Ho Chi Minh,Laptop,Laptop Pro 14,4,10020000,0.03,BankTransfer,COMPLETED
ORD00340,2026-02-20,CUST0045,Da Nang,Accessory,USB-C Hub,1,390000,0.1,EWallet,COMPLETED
ORD00341,2026-03-08,CUST0008,Ho Chi Minh,Accessory,Headphone,5,420000,0.08,Cash,RETURNED
ORD00342,2026-03-17,CUST0120,Ha Noi,Mobile,Smartphone B,1,5780000,0.1,BankTransfer,COMPLETED
ORD00343,2026-01-09,CUST0128,Hai Phong,Laptop,Laptop Pro 14,5,15480000,0,EWallet,COMPLETED
ORD00344,2026-03-01,CUST0235,Can Tho,Printer,Ink Printer,1,4760000,0.08,BankTransfer,CANCELLED
ORD00345,2026-02-06,CUST0015,Ho Chi Minh,Laptop,Laptop Edu 13,2,16970000,0,EWallet,COMPLETED
ORD00346,2026-03-13,CUST0199,Hue,Printer,Ink Printer,1,3650000,0,EWallet,COMPLETED
ORD00347,2026-01-04,CUST0164,Can Tho,Printer,Ink Printer,5,4780000,0.05,Card,RETURNED
ORD00348,2026-01-18,CUST0078,Da Nang,Software,Antivirus,3,830000,0.05,BankTransfer,COMPLETED
ORD00349,2026-01-03,CUST0124,Can Tho,Accessory,Keyboard Mechanical,5,650000,0.15,Cash,COMPLETED
ORD00350,2026-01-06,CUST0197,Hue,Software,Cloud Storage,5,1630000,0,BankTransfer,COMPLETED
ORD00351,2026-01-06,CUST0212,Da Nang,Laptop,Laptop Edu 13,3,20350000,0.08,BankTransfer,COMPLETED
ORD00352,2026-01-09,CUST0109,Hue,Software,Office Suite,4,1360000,0.15,BankTransfer,COMPLETED
ORD00353,2026-03-18,CUST0081,Hue,Mobile,Smartphone B,1,6560000,0,EWallet,COMPLETED
ORD00354,2026-01-17,CUST0237,Ha Noi,Laptop,Laptop Edu 13,5,14710000,0,Cash,COMPLETED
ORD00355,2026-01-04,CUST0126,Ho Chi Minh,Mobile,Tablet C,3,9190000,0,EWallet,COMPLETED
ORD00356,2026-01-11,CUST0006,Hue,Accessory,USB-C Hub,3,510000,0.1,EWallet,COMPLETED
ORD00357,2026-01-29,CUST0120,Da Nang,Laptop,Laptop Edu 13,5,10960000,0,Cash,COMPLETED
ORD00358,2026-03-08,CUST0235,Can Tho,Accessory,Headphone,2,670000,0.1,Cash,COMPLETED
ORD00359,2026-02-09,CUST0104,Da Nang,Software,Cloud Storage,2,1380000,0.08,Card,COMPLETED
ORD00360,2026-03-12,CUST0158,Ha Noi,Mobile,Smartphone B,1,9280000,0,EWallet,COMPLETED
ORD00361,2026-01-13,CUST0032,Da Nang,Laptop,Laptop Pro 14,4,17970000,0.08,Cash,COMPLETED
ORD00362,2026-02-20,CUST0214,Hai Phong,Software,Antivirus,1,1530000,0,Card,COMPLETED
ORD00363,2026-02-24,CUST0218,Hue,Accessory,Keyboard Mechanical,3,630000,0,BankTransfer,COMPLETED
ORD00364,2026-02-21,CUST0020,Ho Chi Minh,Software,Antivirus,4,1060000,0.15,EWallet,COMPLETED
ORD00365,2026-03-06,CUST0064,Can Tho,Mobile,Smartphone B,3,6070000,0.08,BankTransfer,COMPLETED
ORD00366,2026-03-23,CUST0001,Ho Chi Minh,Mobile,Smartphone A,1,9560000,0.08,Cash,COMPLETED
ORD00367,2026-03-14,CUST0118,Hue,Printer,Laser Printer,2,4970000,0.05,Card,CANCELLED
ORD00368,2026-01-14,CUST0230,Ho Chi Minh,Printer,Ink Printer,3,4650000,0,BankTransfer,COMPLETED
ORD00369,2026-01-02,CUST0229,Da Nang,Software,Office Suite,4,860000,0,Cash,COMPLETED
ORD00370,2026-02-27,CUST0105,Hai Phong,Laptop,Laptop Pro 14,3,16940000,0,Card,COMPLETED
ORD00371,2026-03-13,CUST0202,Can Tho,Laptop,Laptop Gaming 15,1,11180000,0,EWallet,COMPLETED
ORD00372,2026-02-01,CUST0230,Can Tho,Printer,Laser Printer,4,4700000,0,Cash,COMPLETED
ORD00373,2026-01-14,CUST0129,Ho Chi Minh,Laptop,Laptop Pro 14,1,15290000,0.08,Cash,COMPLETED
ORD00374,2026-03-17,CUST0210,Hue,Printer,Ink Printer,3,4090000,0.05,BankTransfer,RETURNED
ORD00375,2026-03-10,CUST0036,Hai Phong,Software,Office Suite,1,1650000,0,Cash,RETURNED
ORD00376,2026-03-30,CUST0180,Da Nang,Laptop,Laptop Gaming 15,5,16630000,0.1,BankTransfer,COMPLETED
ORD00377,2026-03-24,CUST0121,Ho Chi Minh,Mobile,Smartphone B,1,8780000,0.08,Card,COMPLETED
ORD00378,2026-01-31,CUST0124,Hai Phong,Printer,Laser Printer,3,4510000,0.05,Card,COMPLETED
ORD00379,2026-01-06,CUST0203,Hai Phong,Laptop,Laptop Pro 14,3,10910000,0.08,EWallet,COMPLETED
ORD00380,2026-03-01,CUST0054,Hue,Laptop,Laptop Edu 13,4,20700000,0.15,Card,COMPLETED
ORD00381,2026-02-15,CUST0123,Da Nang,Software,Cloud Storage,5,1300000,0,BankTransfer,COMPLETED
ORD00382,2026-02-13,CUST0213,Hue,Mobile,Smartphone A,1,8340000,0,Card,COMPLETED
ORD00383,2026-03-17,CUST0237,Can Tho,Mobile,Smartphone B,1,8750000,0,EWallet,COMPLETED
ORD00384,2026-03-15,CUST0102,Da Nang,Printer,Laser Printer,2,2600000,0.15,BankTransfer,RETURNED
ORD00385,2026-03-12,CUST0120,Can Tho,Accessory,Keyboard Mechanical,3,680000,0.15,Card,COMPLETED
ORD00386,2026-03-04,CUST0100,Ho Chi Minh,Accessory,Keyboard Mechanical,3,330000,0.15,Cash,COMPLETED
ORD00387,2026-01-26,CUST0146,Ha Noi,Accessory,USB-C Hub,1,420000,0.08,EWallet,COMPLETED
ORD00388,2026-01-04,CUST0028,,Software,Antivirus,5,1650000,0.15,Cash,COMPLETED
ORD00389,2026-01-03,CUST0181,Da Nang,Printer,Ink Printer,1,3060000,0,EWallet,CANCELLED
ORD00390,2026-03-08,CUST0174,Hai Phong,Accessory,Mouse Wireless,5,660000,0.1,EWallet,COMPLETED
ORD00391,2026-02-20,CUST0091,Ho Chi Minh,Printer,Laser Printer,2,2390000,0.05,BankTransfer,COMPLETED
ORD00392,2026-01-23,CUST0238,Can Tho,Printer,Laser Printer,2,4480000,0,Cash,COMPLETED
ORD00393,2026-01-11,CUST0140,Hai Phong,Software,Cloud Storage,4,1700000,0.1,Cash,COMPLETED
ORD00394,2026-03-31,CUST0011,Ha Noi,Laptop,Laptop Gaming 15,3,12080000,0.03,BankTransfer,COMPLETED
ORD00395,2026-01-03,CUST0164,Hai Phong,Laptop,Laptop Edu 13,3,21340000,0,Cash,COMPLETED
ORD00396,2026-02-21,CUST0010,Hai Phong,Software,Cloud Storage,5,1450000,0,EWallet,COMPLETED
ORD00397,2026-01-07,CUST0050,Hue,Accessory,USB-C Hub,3,680000,0,Cash,COMPLETED
ORD00398,2026-02-13,CUST0180,Hue,Printer,Laser Printer,1,2810000,0.1,EWallet,COMPLETED
ORD00399,2026-01-17,CUST0084,Hai Phong,Mobile,Tablet C,4,8070000,0,Cash,COMPLETED
ORD00400,2026-03-11,CUST0173,Hue,Laptop,Laptop Pro 14,2,11490000,0.03,EWallet,COMPLETED
ORD00401,2026-03-23,CUST0069,Ho Chi Minh,Mobile,Tablet C,2,8320000,0.1,EWallet,RETURNED
ORD00402,2026-02-18,CUST0012,Ho Chi Minh,Laptop,Laptop Edu 13,1,19660000,0.15,EWallet,COMPLETED
ORD00403,2026-01-23,CUST0154,Hai Phong,Accessory,Headphone,4,520000,0,EWallet,COMPLETED
ORD00404,2026-01-01,CUST0040,Ha Noi,Laptop,Laptop Pro 14,0,15290000,0.08,EWallet,COMPLETED
ORD00405,2026-01-01,CUST0107,Hue,Software,Cloud Storage,4,1620000,0,Cash,CANCELLED
ORD00406,2026-01-14,CUST0065,Hai Phong,Software,Cloud Storage,1,810000,0.08,EWallet,COMPLETED
ORD00407,2026-03-16,CUST0133,Hue,Mobile,Smartphone A,1,8630000,0.1,EWallet,COMPLETED
ORD00408,2026-03-23,CUST0108,Hai Phong,Accessory,Headphone,2,500000,0,Card,COMPLETED
ORD00409,2026-03-05,CUST0090,Can Tho,Printer,Laser Printer,1,2850000,0.08,Card,COMPLETED
ORD00410,2026-02-27,CUST0182,Hai Phong,Laptop,Laptop Pro 14,5,17760000,0,EWallet,COMPLETED
ORD00411,2026-03-03,CUST0047,Ho Chi Minh,Mobile,Smartphone A,1,6850000,0.15,EWallet,CANCELLED
ORD00412,2026-03-15,CUST0147,Ho Chi Minh,Accessory,Keyboard Mechanical,2,360000,0,Card,COMPLETED
ORD00413,2026-01-10,CUST0065,Can Tho,Mobile,Smartphone A,4,7090000,0.05,EWallet,COMPLETED
ORD00414,2026-03-11,CUST0159,Ho Chi Minh,Mobile,Tablet C,2,6900000,0.1,Card,COMPLETED
ORD00415,2026-02-14,CUST0209,Can Tho,Accessory,Mouse Wireless,2,660000,0,BankTransfer,COMPLETED
ORD00416,2026-01-05,CUST0094,Hue,Laptop,Laptop Pro 14,2,11990000,0.08,BankTransfer,COMPLETED
ORD00417,2026-01-30,CUST0114,Hue,Printer,Ink Printer,4,3560000,0.08,BankTransfer,COMPLETED
ORD00418,2026-03-26,CUST0150,Da Nang,Software,Cloud Storage,3,1640000,0.08,BankTransfer,COMPLETED
ORD00419,2026-01-17,CUST0128,Da Nang,Mobile,Tablet C,2,8630000,0.05,Cash,COMPLETED
ORD00420,2026-01-02,CUST0047,Hai Phong,Software,Cloud Storage,1,810000,0.08,Cash,COMPLETED
ORD00421,2026-01-15,CUST0121,Can Tho,Mobile,Smartphone A,2,6740000,0,EWallet,COMPLETED
ORD00422,2026-03-20,CUST0105,Ha Noi,Accessory,Headphone,1,660000,0.05,Card,COMPLETED
ORD00423,2026-03-31,CUST0083,Ha Noi,Printer,Laser Printer,3,2840000,0,Card,COMPLETED
ORD00424,2026-02-22,CUST0226,Can Tho,Software,Antivirus,2,1460000,0.05,BankTransfer,COMPLETED
ORD00425,2026-03-18,CUST0005,Hai Phong,Mobile,Smartphone A,1,6400000,0,Cash,COMPLETED
ORD00426,2026-01-11,CUST0129,Hue,Software,Office Suite,2,1160000,0.08,Cash,COMPLETED
ORD00427,2026-03-04,CUST0077,Can Tho,Accessory,USB-C Hub,5,420000,0.05,Cash,COMPLETED
ORD00428,2026-02-02,CUST0147,Can Tho,Mobile,Smartphone A,3,6270000,0.15,EWallet,COMPLETED
ORD00429,2026-01-31,CUST0197,Hai Phong,Mobile,Smartphone A,2,9950000,0.08,BankTransfer,COMPLETED
ORD00430,2026-01-07,CUST0099,Ha Noi,Software,Cloud Storage,3,790000,0.15,Cash,COMPLETED
ORD00431,2026-01-19,CUST0020,Ha Noi,Printer,Ink Printer,4,3220000,0,Cash,COMPLETED
ORD00432,2026-03-24,CUST0141,Ha Noi,Accessory,Keyboard Mechanical,5,430000,0,EWallet,COMPLETED
ORD00433,2026-01-16,CUST0141,Da Nang,Accessory,Mouse Wireless,2,530000,0.1,Cash,COMPLETED
ORD00434,2026-01-30,CUST0220,Ha Noi,Mobile,Smartphone A,1,9930000,0,Card,COMPLETED
ORD00435,2026-03-17,CUST0165,Can Tho,Laptop,Laptop Edu 13,2,21250000,0.05,BankTransfer,CANCELLED
ORD00436,2026-02-07,CUST0088,Ho Chi Minh,Printer,Laser Printer,4,4260000,0.1,EWallet,COMPLETED
ORD00437,2026-03-06,CUST0051,Can Tho,Software,Cloud Storage,3,850000,0.15,Cash,COMPLETED
ORD00438,2026-02-10,CUST0185,Can Tho,Accessory,Keyboard Mechanical,1,650000,0.1,Card,COMPLETED
ORD00439,2026-01-12,CUST0224,Can Tho,Printer,Ink Printer,2,4810000,0.05,BankTransfer,COMPLETED
ORD00440,2026-01-30,CUST0179,Ho Chi Minh,Software,Antivirus,5,1490000,0,BankTransfer,COMPLETED
ORD00441,2026-01-28,CUST0040,Hue,Software,Cloud Storage,5,1470000,0,Card,COMPLETED
ORD00442,2026-02-27,CUST0082,Hai Phong,Accessory,Mouse Wireless,1,330000,0.05,EWallet,COMPLETED
ORD00443,2026-03-03,CUST0186,Ha Noi,Printer,Laser Printer,5,3580000,0.08,Cash,CANCELLED
ORD00444,2026-03-19,CUST0012,Hai Phong,Accessory,Headphone,3,550000,0.15,Cash,COMPLETED
ORD00445,2026-01-19,CUST0003,Ho Chi Minh,Printer,Ink Printer,5,3160000,0.03,Cash,COMPLETED
ORD00446,2026-02-06,CUST0009,Ho Chi Minh,Mobile,Smartphone A,2,8770000,0,Cash,COMPLETED
ORD00447,2026-03-14,CUST0106,Hue,Accessory,Keyboard Mechanical,1,420000,0.03,BankTransfer,COMPLETED
ORD00448,2026-02-28,CUST0037,Ho Chi Minh,Printer,Laser Printer,4,2600000,0,BankTransfer,RETURNED
ORD00449,2026-03-28,CUST0240,Can Tho,Accessory,Mouse Wireless,1,550000,0,EWallet,COMPLETED
ORD00450,2026-02-11,CUST0146,Hai Phong,Mobile,Tablet C,1,6990000,0.1,BankTransfer,COMPLETED
ORD00451,2026-02-05,CUST0045,Hai Phong,Accessory,Keyboard Mechanical,2,410000,0.08,Cash,COMPLETED
ORD00452,2026-02-17,CUST0167,Da Nang,Laptop,Laptop Edu 13,5,11580000,0.15,Card,COMPLETED
ORD00453,2026-02-28,CUST0187,Can Tho,Mobile,Tablet C,4,10000000,0.03,Card,COMPLETED
ORD00454,2026-03-23,CUST0240,Da Nang,Mobile,Smartphone A,5,7300000,0.05,BankTransfer,COMPLETED
ORD00455,2026-03-21,CUST0083,Ho Chi Minh,Accessory,Keyboard Mechanical,5,400000,0,Cash,COMPLETED
ORD00456,2026-03-18,CUST0032,Can Tho,Printer,Laser Printer,3,3050000,0.08,Card,COMPLETED
ORD00457,2026-01-21,CUST0226,Can Tho,Laptop,Laptop Edu 13,5,20010000,0.05,Cash,COMPLETED
ORD00458,2026-01-08,CUST0039,Da Nang,Laptop,Laptop Gaming 15,2,15260000,0.1,BankTransfer,COMPLETED
ORD00459,2026-02-06,CUST0063,Hai Phong,Laptop,Laptop Edu 13,3,11610000,0.15,Card,COMPLETED
ORD00460,2026-02-07,CUST0203,Ha Noi,Accessory,Keyboard Mechanical,2,600000,0,Card,COMPLETED
ORD00461,2026-02-07,CUST0180,Hue,Printer,Laser Printer,5,2460000,0.1,Card,COMPLETED
ORD00462,2026-03-13,CUST0023,Da Nang,Printer,Ink Printer,4,4120000,0,BankTransfer,CANCELLED
ORD00463,2026-01-27,CUST0100,Ho Chi Minh,Printer,Laser Printer,5,4620000,0.08,Card,COMPLETED
ORD00464,2026-01-09,CUST0222,Can Tho,Software,Cloud Storage,2,1140000,0,BankTransfer,COMPLETED
ORD00465,2026-01-24,CUST0218,Ho Chi Minh,Laptop,Laptop Gaming 15,3,18990000,0,Card,COMPLETED
ORD00466,2026-01-01,CUST0041,Da Nang,Accessory,Mouse Wireless,3,380000,0,Cash,COMPLETED
ORD00467,2026-01-12,CUST0213,Ha Noi,Laptop,Laptop Pro 14,5,17510000,0.1,Cash,COMPLETED
ORD00468,2026-02-27,CUST0023,Can Tho,Software,Office Suite,3,1590000,0.05,Card,CANCELLED
ORD00469,2026-02-04,CUST0130,Ha Noi,Laptop,Laptop Gaming 15,5,21690000,0,EWallet,COMPLETED
ORD00470,2026-02-27,CUST0150,Can Tho,Printer,Laser Printer,5,3930000,0.05,EWallet,COMPLETED
ORD00471,2026-01-27,CUST0126,Hue,Software,Antivirus,3,810000,0.15,Card,COMPLETED
ORD00472,2026-01-24,CUST0204,Ha Noi,Software,Antivirus,3,870000,0,Cash,COMPLETED
ORD00473,2026-02-19,CUST0021,Ha Noi,Accessory,Mouse Wireless,4,560000,0.05,EWallet,COMPLETED
ORD00474,2026-02-06,CUST0008,Hai Phong,Accessory,USB-C Hub,2,500000,0,Card,COMPLETED
ORD00475,2026-03-30,CUST0233,Hue,Printer,Ink Printer,1,3270000,0.15,EWallet,COMPLETED
ORD00476,2026-03-03,CUST0102,Hai Phong,Laptop,Laptop Pro 14,1,10810000,0.15,Card,COMPLETED
ORD00477,2026-01-14,CUST0216,Hue,Mobile,Tablet C,2,9770000,0.03,EWallet,COMPLETED
ORD00478,2026-03-07,CUST0108,Hue,Mobile,Smartphone A,5,6370000,0.05,Cash,COMPLETED
ORD00479,2026-02-10,CUST0233,Da Nang,Mobile,Tablet C,5,6660000,0,BankTransfer,COMPLETED
ORD00480,2026-01-19,CUST0224,Da Nang,Laptop,Laptop Edu 13,5,17900000,0,BankTransfer,COMPLETED
ORD00481,2026-02-21,CUST0095,Hai Phong,Software,Office Suite,4,790000,0,Cash,COMPLETED
ORD00482,2026-03-06,CUST0056,Da Nang,Accessory,Headphone,5,370000,0.05,BankTransfer,CANCELLED
ORD00483,2026-01-15,CUST0115,Ha Noi,Laptop,Laptop Pro 14,3,21060000,0.15,BankTransfer,RETURNED
ORD00484,2026-03-05,CUST0188,Da Nang,Software,Office Suite,2,920000,0.08,BankTransfer,COMPLETED
ORD00485,2026-01-10,CUST0023,Ha Noi,Software,Office Suite,5,1160000,0,EWallet,COMPLETED
ORD00486,2026-03-06,CUST0194,Da Nang,Accessory,Headphone,3,660000,0,Card,COMPLETED
ORD00487,2026-03-10,CUST0087,Ha Noi,Mobile,Smartphone A,1,5730000,0.1,EWallet,COMPLETED
ORD00488,2026-02-05,CUST0124,Ho Chi Minh,Software,Cloud Storage,4,1210000,0.08,EWallet,COMPLETED
ORD00489,2026-03-13,CUST0099,Da Nang,Accessory,Headphone,5,370000,0.15,EWallet,COMPLETED
ORD00490,2026-01-12,CUST0074,Hai Phong,Mobile,Tablet C,2,9570000,0.08,Cash,COMPLETED
ORD00491,2026-02-25,CUST0141,Hai Phong,Laptop,Laptop Gaming 15,5,10530000,0,Cash,RETURNED
ORD00492,2026-02-05,CUST0103,Hai Phong,Printer,Ink Printer,3,4850000,0.15,EWallet,COMPLETED
ORD00493,2026-02-17,CUST0153,Can Tho,Mobile,Smartphone A,5,6780000,0.05,Card,COMPLETED
ORD00494,2026-03-18,CUST0223,Da Nang,Laptop,Laptop Pro 14,4,16040000,0.1,EWallet,COMPLETED
ORD00495,2026-01-02,CUST0014,Ho Chi Minh,Software,Cloud Storage,2,1530000,0.1,Card,RETURNED
ORD00496,2026-01-15,CUST0012,Can Tho,Mobile,Tablet C,4,6350000,0.05,Card,COMPLETED
ORD00497,2026-03-08,CUST0205,Ha Noi,Accessory,Keyboard Mechanical,2,670000,0.08,BankTransfer,COMPLETED
ORD00498,2026-02-04,CUST0166,Da Nang,Mobile,Smartphone A,3,5450000,0.15,Card,COMPLETED
ORD00499,2026-01-16,CUST0138,Da Nang,Software,Cloud Storage,5,810000,0.05,EWallet,COMPLETED
ORD00500,2026-02-23,CUST0081,Hue,Mobile,Smartphone A,5,5110000,0.05,EWallet,COMPLETED
ORD00501,2026-02-01,CUST0137,Hai Phong,Software,Cloud Storage,3,860000,0.05,EWallet,COMPLETED
ORD00502,2026-03-08,CUST0018,Ha Noi,Laptop,Laptop Edu 13,5,10800000,0.15,EWallet,COMPLETED
ORD00503,2026-03-02,CUST0035,Da Nang,Laptop,Laptop Edu 13,3,17850000,0,EWallet,CANCELLED
ORD00504,2026-03-03,CUST0036,Hai Phong,Printer,Laser Printer,5,3150000,0.1,BankTransfer,COMPLETED
ORD00505,2026-03-01,CUST0065,Hue,Printer,Ink Printer,2,4250000,0,EWallet,COMPLETED
ORD00506,2026-03-10,CUST0184,Hue,Laptop,Laptop Gaming 15,5,20900000,0.05,EWallet,COMPLETED
ORD00507,2026-03-24,CUST0237,Da Nang,Mobile,Tablet C,5,7810000,0.15,EWallet,COMPLETED
ORD00508,2026-02-18,CUST0173,Ho Chi Minh,Accessory,Headphone,2,540000,0.05,Card,COMPLETED
ORD00509,2026-02-18,CUST0118,Hue,Laptop,Laptop Gaming 15,4,21040000,0.1,Card,COMPLETED
ORD00510,2026-01-13,CUST0029,Ho Chi Minh,Laptop,Laptop Edu 13,4,10500000,0.1,EWallet,RETURNED
ORD00511,2026-02-23,CUST0194,Hue,Accessory,USB-C Hub,3,510000,0,Cash,RETURNED
ORD00512,2026-02-13,CUST0014,Hai Phong,Software,Antivirus,3,1170000,0.1,Cash,COMPLETED
ORD00513,2026-01-04,CUST0086,Ho Chi Minh,Laptop,Laptop Pro 14,1,10120000,0.15,Cash,COMPLETED
ORD00514,2026-03-03,CUST0011,Hai Phong,Laptop,Laptop Edu 13,5,10360000,0.03,EWallet,COMPLETED
ORD00515,2026-02-17,CUST0231,Ho Chi Minh,Mobile,Smartphone B,4,6580000,0,EWallet,CANCELLED
ORD00516,2026-03-29,CUST0179,Ha Noi,Software,Antivirus,1,1200000,0,EWallet,COMPLETED
ORD00517,2026-03-01,CUST0223,Hai Phong,Accessory,Mouse Wireless,2,620000,0,Cash,CANCELLED
ORD00518,2026-02-06,CUST0229,Can Tho,Mobile,Smartphone B,5,7510000,0.05,EWallet,COMPLETED
ORD00519,2026-01-04,CUST0221,Hai Phong,Laptop,Laptop Gaming 15,5,20360000,0.08,BankTransfer,COMPLETED
ORD00520,2026-03-19,CUST0205,Ho Chi Minh,Accessory,USB-C Hub,5,380000,0,EWallet,COMPLETED
ORD00521,2026-03-12,CUST0233,Da Nang,Mobile,Tablet C,3,8820000,0,BankTransfer,RETURNED
ORD00522,2026-01-31,CUST0008,Ho Chi Minh,Laptop,Laptop Edu 13,4,20080000,0.15,EWallet,COMPLETED
ORD00523,2026-03-27,CUST0021,Da Nang,Printer,Ink Printer,4,3520000,0,Card,COMPLETED
ORD00524,2026-03-23,CUST0024,Ho Chi Minh,Mobile,Smartphone A,2,5080000,0.03,EWallet,COMPLETED
ORD00525,2026-03-02,CUST0102,Can Tho,Mobile,Smartphone B,4,9570000,0,BankTransfer,COMPLETED
ORD00526,2026-01-10,CUST0230,Can Tho,Laptop,Laptop Gaming 15,4,13640000,0,Card,COMPLETED
ORD00527,2026-02-24,CUST0032,Da Nang,Laptop,Laptop Pro 14,1,16280000,0,BankTransfer,COMPLETED
ORD00528,2026-01-01,CUST0090,Da Nang,Software,Office Suite,3,1690000,0.15,EWallet,COMPLETED
ORD00529,2026-01-05,CUST0034,Ho Chi Minh,Accessory,USB-C Hub,4,400000,0.03,Cash,COMPLETED
ORD00530,2026-03-11,CUST0183,Ha Noi,Laptop,Laptop Pro 14,5,20180000,0.03,EWallet,COMPLETED
ORD00531,2026-01-24,CUST0181,Can Tho,Laptop,Laptop Pro 14,3,16740000,0,Card,COMPLETED
ORD00532,2026-01-27,CUST0167,Ho Chi Minh,Laptop,Laptop Gaming 15,3,15090000,0.15,Cash,COMPLETED
ORD00533,2026-01-30,CUST0223,Ho Chi Minh,Mobile,Smartphone B,4,5960000,0.1,BankTransfer,COMPLETED
ORD00534,2026-03-09,CUST0138,Ho Chi Minh,Printer,Laser Printer,2,4490000,0.15,EWallet,COMPLETED
ORD00535,2026-03-16,CUST0043,Ha Noi,Software,Office Suite,5,1590000,0.1,Card,CANCELLED
ORD00536,2026-01-20,CUST0128,Hue,Laptop,Laptop Pro 14,2,11560000,0,Cash,COMPLETED
ORD00537,2026-02-21,CUST0021,Hue,Software,Antivirus,4,1340000,0.1,EWallet,COMPLETED
ORD00538,2026-02-05,CUST0146,Ho Chi Minh,Printer,Ink Printer,5,3150000,0.05,EWallet,COMPLETED
ORD00539,2026-02-07,CUST0081,Hue,Mobile,Smartphone B,3,4990000,0,EWallet,COMPLETED
ORD00540,2026-02-06,CUST0015,Da Nang,Software,Office Suite,2,1280000,0.08,BankTransfer,COMPLETED
ORD00541,2026-01-27,CUST0127,Hai Phong,Printer,Ink Printer,2,3330000,0.08,BankTransfer,COMPLETED
ORD00542,2026-01-29,CUST0172,Ho Chi Minh,Printer,Laser Printer,4,4710000,0,BankTransfer,COMPLETED
ORD00543,2026-02-19,CUST0197,Ha Noi,Mobile,Smartphone A,2,9250000,0.15,Card,COMPLETED
ORD00544,2026-02-08,CUST0032,Da Nang,Accessory,Keyboard Mechanical,5,540000,0.08,EWallet,COMPLETED
ORD00545,2026-03-29,CUST0161,Da Nang,Accessory,USB-C Hub,5,440000,0.03,Card,COMPLETED
ORD00546,2026-02-03,CUST0238,Can Tho,Accessory,USB-C Hub,1,720000,0.08,Card,COMPLETED
ORD00547,2026-01-02,CUST0152,Ho Chi Minh,Printer,Laser Printer,3,3170000,0,BankTransfer,COMPLETED
ORD00548,2026-03-11,CUST0172,Hue,Software,Antivirus,4,1570000,0.08,Card,COMPLETED
ORD00549,2026-03-23,CUST0082,Da Nang,Mobile,Tablet C,2,4610000,0.1,Cash,COMPLETED
ORD00550,2026-03-04,CUST0166,Hai Phong,Software,Office Suite,3,820000,0.1,Card,COMPLETED
ORD00551,2026-03-25,CUST0031,Can Tho,Printer,Laser Printer,3,3850000,0.1,EWallet,COMPLETED
ORD00552,2026-03-31,CUST0054,Ho Chi Minh,Accessory,USB-C Hub,2,680000,0.03,BankTransfer,COMPLETED
ORD00553,2026-03-19,CUST0134,Hue,Software,Office Suite,3,830000,0.03,Card,COMPLETED
ORD00554,2026-03-17,CUST0047,Can Tho,Mobile,Tablet C,2,8940000,0.08,BankTransfer,COMPLETED
ORD00555,2026-02-10,CUST0178,Hai Phong,Accessory,USB-C Hub,5,510000,0,Cash,COMPLETED
ORD00556,2026-03-30,CUST0035,Hue,Laptop,Laptop Edu 13,1,14690000,0,Cash,COMPLETED
ORD00557,2026-02-13,CUST0233,Da Nang,Mobile,Smartphone A,3,7490000,0.1,Cash,COMPLETED
ORD00558,2026-02-22,CUST0044,Ha Noi,Accessory,Headphone,3,480000,0,Cash,COMPLETED
ORD00559,2026-03-27,CUST0118,Hai Phong,Mobile,Smartphone B,2,4760000,0.1,Cash,COMPLETED
ORD00560,2026-01-31,CUST0043,Ho Chi Minh,Software,Cloud Storage,5,820000,0,Card,COMPLETED
ORD00561,2026-03-13,CUST0135,Ho Chi Minh,Laptop,Laptop Pro 14,3,14160000,0.1,Cash,COMPLETED
ORD00562,2026-02-28,CUST0214,Can Tho,Accessory,USB-C Hub,3,670000,0,EWallet,COMPLETED
ORD00563,2026-02-13,CUST0132,Can Tho,Accessory,Keyboard Mechanical,5,540000,0.1,BankTransfer,COMPLETED
ORD00564,2026-03-20,CUST0187,Hue,Printer,Laser Printer,5,3930000,0,BankTransfer,COMPLETED
ORD00565,2026-01-05,CUST0229,Ho Chi Minh,Mobile,Smartphone B,4,4870000,0,BankTransfer,CANCELLED
ORD00566,2026-02-11,CUST0164,Hai Phong,Accessory,Keyboard Mechanical,2,700000,0.03,Card,COMPLETED
ORD00567,2026-02-22,CUST0120,Hue,Printer,Laser Printer,3,2400000,0,BankTransfer,COMPLETED
ORD00568,2026-02-13,CUST0195,Hai Phong,Software,Antivirus,4,1680000,0.03,Card,COMPLETED
ORD00569,2026-02-07,CUST0220,Hai Phong,Mobile,Smartphone A,4,9560000,0,EWallet,COMPLETED
ORD00570,2026-03-13,CUST0103,Da Nang,Mobile,Smartphone A,4,6680000,0,BankTransfer,RETURNED
ORD00571,2026-01-13,CUST0078,Hue,Software,Cloud Storage,2,1630000,0,EWallet,COMPLETED
ORD00572,2026-01-03,CUST0205,Can Tho,Mobile,Smartphone A,4,7950000,0,EWallet,RETURNED
ORD00573,2026-01-17,CUST0141,Hai Phong,Software,Antivirus,3,1150000,0,BankTransfer,COMPLETED
ORD00574,2026-01-07,CUST0167,Hai Phong,Mobile,Tablet C,3,8350000,0.05,Cash,COMPLETED
ORD00575,2026-03-19,CUST0223,Da Nang,Printer,Laser Printer,4,2850000,0.08,EWallet,COMPLETED
ORD00576,2026-02-17,CUST0007,Ha Noi,Printer,Ink Printer,4,4340000,0,Card,COMPLETED
ORD00577,2026-03-27,CUST0117,Ho Chi Minh,Printer,Ink Printer,4,3460000,0.15,Cash,COMPLETED
ORD00578,2026-02-12,CUST0009,Hai Phong,Accessory,Mouse Wireless,1,500000,0.05,BankTransfer,COMPLETED
ORD00579,2026-02-16,CUST0139,Can Tho,Accessory,Keyboard Mechanical,4,710000,0.03,Cash,COMPLETED
ORD00580,2026-01-07,CUST0139,Da Nang,Laptop,Laptop Edu 13,2,20210000,0.03,Card,COMPLETED
ORD00581,2026-03-22,CUST0213,Ha Noi,Accessory,Keyboard Mechanical,3,370000,0,Cash,COMPLETED
ORD00582,2026-03-25,CUST0021,Can Tho,Software,Antivirus,1,1510000,0,Card,COMPLETED
ORD00583,2026-02-04,CUST0120,Hai Phong,Printer,Ink Printer,4,4970000,0.05,Cash,COMPLETED
ORD00584,2026-03-12,CUST0097,Ho Chi Minh,Laptop,Laptop Gaming 15,1,10050000,0,Card,COMPLETED
ORD00585,2026-01-26,CUST0132,Can Tho,Printer,Ink Printer,2,4450000,0.05,EWallet,COMPLETED
ORD00586,2026-03-12,CUST0008,Ha Noi,Laptop,Laptop Pro 14,2,16270000,0.1,Card,COMPLETED
ORD00587,2026-02-13,CUST0209,Can Tho,Software,Cloud Storage,1,1520000,0.05,Cash,COMPLETED
ORD00588,2026-03-31,CUST0056,Ho Chi Minh,Printer,Laser Printer,1,3860000,0.05,Card,COMPLETED
ORD00589,2026-01-10,CUST0133,Ho Chi Minh,Software,Antivirus,5,1280000,0.03,BankTransfer,COMPLETED
ORD00590,2026-01-31,CUST0053,Can Tho,Accessory,Headphone,1,690000,0.05,BankTransfer,COMPLETED
ORD00591,2026-03-17,CUST0094,Can Tho,Printer,Laser Printer,1,3320000,0.03,Cash,COMPLETED
ORD00592,2026-03-21,CUST0142,Ha Noi,Mobile,Tablet C,5,9620000,0.1,BankTransfer,COMPLETED
ORD00593,2026-03-04,CUST0186,Hue,Software,Office Suite,1,1270000,0,Card,COMPLETED
ORD00594,2026-03-02,CUST0236,Da Nang,Laptop,Laptop Edu 13,2,19490000,0.1,Cash,COMPLETED
ORD00595,2026-01-23,CUST0171,Ha Noi,Mobile,Smartphone B,5,8700000,0,BankTransfer,COMPLETED
ORD00596,2026-03-05,CUST0156,Da Nang,Printer,Laser Printer,4,2370000,0.03,BankTransfer,COMPLETED
ORD00597,2026-02-19,CUST0158,Da Nang,Software,Office Suite,1,1240000,0,Cash,COMPLETED
ORD00598,2026-01-19,CUST0079,Can Tho,Printer,Ink Printer,5,3710000,0.15,Card,COMPLETED
ORD00599,2026-01-12,CUST0010,Hue,Mobile,Smartphone B,1,7450000,0.08,Card,RETURNED
ORD00600,2026-02-26,CUST0188,Da Nang,Accessory,Headphone,2,330000,0.05,Card,RETURNED
ORD00601,2026-02-03,CUST0056,Hue,Laptop,Laptop Pro 14,4,10400000,0,Card,COMPLETED
ORD00602,2026-02-07,CUST0028,Ho Chi Minh,Accessory,Mouse Wireless,2,410000,0.15,EWallet,COMPLETED
ORD00603,2026-03-29,CUST0214,Hai Phong,Accessory,USB-C Hub,3,400000,0.03,Card,COMPLETED
ORD00604,2026-03-31,CUST0179,Can Tho,Laptop,Laptop Pro 14,4,16520000,0.08,BankTransfer,COMPLETED
ORD00605,2026-02-23,CUST0229,Ha Noi,Printer,Ink Printer,5,3580000,0,BankTransfer,COMPLETED
ORD00606,2026-02-17,CUST0210,Ho Chi Minh,Accessory,Keyboard Mechanical,2,660000,0,Card,COMPLETED
ORD00607,2026-01-03,CUST0012,Ha Noi,Printer,Ink Printer,3,4860000,0,EWallet,COMPLETED
ORD00608,2026-02-24,CUST0165,Hue,Laptop,Laptop Gaming 15,2,15590000,0,EWallet,COMPLETED
ORD00609,2026-03-24,CUST0127,Can Tho,Mobile,Tablet C,5,4900000,0.05,Card,COMPLETED
ORD00610,2026-01-08,CUST0178,Ha Noi,Printer,Ink Printer,5,3390000,0.1,BankTransfer,COMPLETED
ORD00611,2026-03-09,CUST0088,Ho Chi Minh,Laptop,Laptop Gaming 15,3,20490000,0.08,Card,CANCELLED
ORD00612,2026-02-03,CUST0083,Hue,Accessory,Mouse Wireless,5,410000,0.1,EWallet,COMPLETED
ORD00613,2026-03-25,CUST0238,Can Tho,Mobile,Smartphone B,2,-6550000,0.1,Card,CANCELLED
ORD00614,2026-02-03,CUST0037,Da Nang,Accessory,Mouse Wireless,1,650000,0.08,EWallet,COMPLETED
ORD00615,2026-03-15,CUST0066,Ho Chi Minh,Software,Cloud Storage,5,780000,0.05,Cash,COMPLETED
ORD00616,2026-03-21,CUST0054,Da Nang,Accessory,Mouse Wireless,5,400000,0,EWallet,COMPLETED
ORD00617,2026-01-23,CUST0183,Can Tho,Laptop,Laptop Edu 13,2,11020000,0.05,EWallet,COMPLETED
ORD00618,2026-01-01,CUST0191,Hai Phong,Laptop,Laptop Gaming 15,2,10570000,0.03,Card,CANCELLED
ORD00619,2026-03-01,CUST0235,Da Nang,Mobile,Smartphone B,4,8050000,0.08,EWallet,CANCELLED
ORD00620,2026-02-25,CUST0006,Hue,Printer,Ink Printer,5,4260000,0,BankTransfer,COMPLETED
ORD00621,2026-03-13,CUST0155,Can Tho,Laptop,Laptop Edu 13,2,18280000,0,EWallet,COMPLETED
ORD00622,2026-02-14,CUST0064,Can Tho,Printer,Laser Printer,5,4410000,0,Card,COMPLETED
ORD00623,2026-02-07,CUST0033,Hue,Printer,Laser Printer,5,2820000,0,BankTransfer,COMPLETED
ORD00624,2026-02-07,CUST0131,Hue,Printer,Ink Printer,3,3370000,0.08,BankTransfer,COMPLETED
ORD00625,2026-01-05,CUST0162,Hai Phong,Mobile,Smartphone A,4,8620000,0.1,EWallet,CANCELLED
ORD00626,2026-01-14,CUST0183,Ho Chi Minh,Software,Office Suite,1,1420000,0.05,Card,COMPLETED
ORD00627,2026-02-27,CUST0213,Ho Chi Minh,Accessory,USB-C Hub,2,470000,0.1,EWallet,COMPLETED
ORD00628,2026-03-24,CUST0126,Ha Noi,Software,Cloud Storage,1,1240000,0.03,Cash,COMPLETED
ORD00629,2026-03-25,CUST0015,Can Tho,Accessory,USB-C Hub,5,620000,0.1,Cash,COMPLETED
ORD00630,2026-01-04,CUST0082,Da Nang,Software,Cloud Storage,1,1470000,0.1,EWallet,COMPLETED
ORD00631,2026-01-15,CUST0135,Can Tho,Laptop,Laptop Edu 13,1,16280000,0.08,BankTransfer,COMPLETED
ORD00632,2026-01-31,CUST0213,Hai Phong,Printer,Ink Printer,1,2470000,0.05,Card,COMPLETED
ORD00633,2026-02-24,CUST0037,Da Nang,Software,Antivirus,2,1500000,0.05,EWallet,COMPLETED
ORD00634,2026-02-12,CUST0047,Ho Chi Minh,Accessory,USB-C Hub,1,600000,0,Cash,COMPLETED
ORD00635,2026-01-20,CUST0172,Da Nang,Printer,Laser Printer,1,3160000,0.05,Cash,COMPLETED
ORD00636,2026-03-15,CUST0094,Hai Phong,Laptop,Laptop Gaming 15,2,16720000,0,BankTransfer,COMPLETED
ORD00637,2026-01-03,CUST0208,Can Tho,Software,Cloud Storage,2,1160000,0.05,BankTransfer,RETURNED
ORD00638,2026-02-11,CUST0233,Ho Chi Minh,Printer,Ink Printer,3,4370000,0,EWallet,RETURNED
ORD00639,2026-02-13,CUST0188,Hai Phong,Printer,Ink Printer,3,3750000,0.05,Card,COMPLETED
ORD00640,2026-01-22,CUST0046,Ho Chi Minh,Printer,Ink Printer,1,3750000,0.03,BankTransfer,CANCELLED
ORD00641,2026-03-19,CUST0017,Ha Noi,Software,Cloud Storage,3,1710000,0,Card,COMPLETED
ORD00642,2026-02-24,CUST0134,Hai Phong,Mobile,Smartphone B,4,5090000,0.05,Cash,COMPLETED
ORD00643,2026-03-26,CUST0201,Hue,Software,Office Suite,4,1450000,0.1,Card,COMPLETED
ORD00644,2026-01-20,CUST0021,Ho Chi Minh,Printer,Ink Printer,4,3890000,0.05,EWallet,COMPLETED
ORD00645,2026-03-22,CUST0083,Hai Phong,Mobile,Tablet C,2,8630000,0.03,BankTransfer,CANCELLED
ORD00646,2026-01-25,CUST0182,Ho Chi Minh,Accessory,Keyboard Mechanical,4,390000,0,Card,COMPLETED
ORD00647,2026-02-26,CUST0209,Ho Chi Minh,Laptop,Laptop Pro 14,5,9840000,0.15,Cash,COMPLETED
ORD00648,2026-01-06,CUST0139,Ho Chi Minh,Printer,Ink Printer,2,4550000,0,Card,COMPLETED
ORD00649,2026-03-03,CUST0152,Can Tho,Printer,Laser Printer,4,3040000,0.15,BankTransfer,CANCELLED
ORD00650,2026-01-31,CUST0108,Ha Noi,Printer,Ink Printer,1,4840000,0.15,Card,COMPLETED
ORD00651,2026-02-20,CUST0049,Hue,Accessory,USB-C Hub,3,380000,0,Cash,COMPLETED
ORD00652,2026-01-31,CUST0204,Can Tho,Printer,Ink Printer,1,2330000,0,EWallet,COMPLETED
ORD00653,2026-02-07,CUST0013,Ha Noi,Laptop,Laptop Gaming 15,3,17250000,0,BankTransfer,COMPLETED
ORD00654,2026-02-02,CUST0092,Hue,Software,Antivirus,3,1690000,0.15,Cash,COMPLETED
ORD00655,2026-03-11,CUST0208,Ha Noi,Printer,Ink Printer,5,3550000,0,Card,COMPLETED
ORD00656,2026-01-19,CUST0164,Hue,Software,Cloud Storage,3,1390000,0,Cash,COMPLETED
ORD00657,2026-03-01,CUST0239,Hue,Printer,Laser Printer,3,2400000,0,Card,COMPLETED
ORD00658,2026-03-13,CUST0028,Da Nang,Printer,Laser Printer,1,3110000,0.1,BankTransfer,COMPLETED
ORD00659,2026-03-16,CUST0134,Ha Noi,Laptop,Laptop Edu 13,4,15440000,0.15,EWallet,CANCELLED
ORD00660,2026-01-22,CUST0058,Can Tho,Mobile,Smartphone B,2,10010000,0,EWallet,COMPLETED
ORD00661,2026-01-05,CUST0094,Can Tho,Accessory,Headphone,1,550000,0,BankTransfer,COMPLETED
ORD00662,2026-03-01,CUST0238,Ho Chi Minh,Printer,Laser Printer,3,2940000,0.1,BankTransfer,COMPLETED
ORD00663,2026-03-14,CUST0050,Da Nang,Laptop,Laptop Pro 14,2,20280000,0,Card,COMPLETED
ORD00664,2026-03-08,CUST0089,Da Nang,Mobile,Smartphone B,1,5560000,0,EWallet,COMPLETED
ORD00665,2026-03-08,CUST0163,Can Tho,Printer,Laser Printer,5,4720000,0.1,Cash,COMPLETED
ORD00666,2026-03-12,CUST0071,Ho Chi Minh,Software,Cloud Storage,3,1640000,0,BankTransfer,RETURNED
ORD00667,2026-01-20,CUST0024,Ha Noi,Mobile,Tablet C,1,7550000,0.1,EWallet,CANCELLED
ORD00668,2026-03-08,CUST0176,Ha Noi,Accessory,Keyboard Mechanical,4,660000,0.15,BankTransfer,COMPLETED
ORD00669,2026-02-28,CUST0111,Ho Chi Minh,Printer,Laser Printer,5,4270000,0.1,Card,COMPLETED
ORD00670,2026-03-13,CUST0230,Hue,Accessory,Keyboard Mechanical,5,350000,0.08,Cash,RETURNED
ORD00671,2026-03-09,CUST0090,Hai Phong,Software,Cloud Storage,3,1640000,0.03,BankTransfer,COMPLETED
ORD00672,2026-01-03,CUST0060,Ho Chi Minh,Laptop,Laptop Gaming 15,1,10800000,0.03,Cash,COMPLETED
ORD00673,2026-02-26,CUST0231,Da Nang,Laptop,Laptop Pro 14,1,9860000,0.05,BankTransfer,COMPLETED
ORD00674,2026-03-06,CUST0154,Ho Chi Minh,Mobile,Smartphone B,5,5750000,0,EWallet,COMPLETED
ORD00675,2026-01-16,CUST0220,Hue,Printer,Laser Printer,4,4320000,0.03,Card,COMPLETED
ORD00676,2026-03-07,CUST0128,Can Tho,Software,Cloud Storage,5,1600000,0.08,Card,CANCELLED
ORD00677,2026-02-09,CUST0167,Da Nang,Accessory,USB-C Hub,1,530000,0,Card,COMPLETED
ORD00678,2026-03-09,CUST0090,Ha Noi,Software,Office Suite,1,850000,0,Card,COMPLETED
ORD00679,2026-02-26,CUST0214,Ho Chi Minh,Printer,Ink Printer,5,2450000,0.08,Card,COMPLETED
ORD00680,2026-01-24,CUST0080,Da Nang,Laptop,Laptop Edu 13,2,14110000,0,BankTransfer,COMPLETED
ORD00681,2026-01-19,CUST0080,Ho Chi Minh,Printer,Laser Printer,5,2620000,0.15,BankTransfer,COMPLETED
ORD00682,2026-02-26,CUST0078,Hue,Accessory,Headphone,3,600000,0.1,Cash,COMPLETED
ORD00683,2026-02-14,CUST0108,Can Tho,Printer,Laser Printer,3,2600000,0.03,EWallet,COMPLETED
ORD00684,2026-01-21,CUST0027,Hai Phong,Laptop,Laptop Gaming 15,5,17780000,0.08,Cash,COMPLETED
ORD00685,2026-03-15,CUST0230,Can Tho,Laptop,Laptop Gaming 15,2,11230000,0.05,BankTransfer,COMPLETED
ORD00686,2026-02-22,CUST0137,Hue,Printer,Laser Printer,2,4750000,0.05,EWallet,COMPLETED
ORD00687,2026-03-01,CUST0141,Da Nang,Mobile,Tablet C,5,5740000,0,Cash,COMPLETED
ORD00688,2026-02-03,CUST0153,Hue,Accessory,Headphone,5,720000,0.1,Card,COMPLETED
ORD00689,2026-01-14,CUST0228,Ho Chi Minh,Accessory,Keyboard Mechanical,2,500000,0,BankTransfer,COMPLETED
ORD00690,2026-02-06,CUST0196,Can Tho,Mobile,Smartphone A,3,9850000,0.1,Card,COMPLETED
ORD00691,2026-01-18,CUST0216,Ha Noi,Laptop,Laptop Gaming 15,1,19640000,0.03,Card,COMPLETED
ORD00692,2026-02-22,CUST0139,Ho Chi Minh,Software,Antivirus,2,1450000,0.03,Card,COMPLETED
ORD00693,2026-03-30,CUST0106,Hue,Accessory,Mouse Wireless,3,610000,0.15,EWallet,COMPLETED
ORD00694,2026-01-18,CUST0057,Can Tho,Accessory,Headphone,4,650000,0.05,Card,COMPLETED
ORD00695,2026-02-11,CUST0205,Ha Noi,Printer,Laser Printer,3,3600000,0.08,Cash,COMPLETED
ORD00696,2026-01-31,CUST0049,Ho Chi Minh,Printer,Ink Printer,5,3600000,0,EWallet,COMPLETED
ORD00697,2026-02-02,CUST0084,Ho Chi Minh,Laptop,Laptop Gaming 15,4,11000000,0,Card,RETURNED
ORD00698,2026-01-08,CUST0176,Hue,Printer,Ink Printer,1,4650000,0,EWallet,COMPLETED
ORD00699,2026-03-15,CUST0042,Ho Chi Minh,Laptop,Laptop Gaming 15,1,13290000,0.1,EWallet,COMPLETED
ORD00700,2026-02-18,CUST0107,Hue,Mobile,Smartphone B,5,7760000,0.15,EWallet,COMPLETED
ORD00701,2026-02-08,CUST0142,Hai Phong,Laptop,Laptop Edu 13,2,20800000,0.08,EWallet,COMPLETED
ORD00702,2026-02-14,CUST0023,Ha Noi,Printer,Ink Printer,4,2840000,0,Card,RETURNED
ORD00703,2026-01-05,CUST0140,Ha Noi,Printer,Laser Printer,2,4360000,0.08,EWallet,RETURNED
ORD00704,2026-03-20,CUST0095,Hai Phong,Laptop,Laptop Gaming 15,3,10690000,0.08,Cash,COMPLETED
ORD00705,2026-02-21,CUST0012,Can Tho,Laptop,Laptop Gaming 15,4,13800000,0.15,BankTransfer,RETURNED
ORD00706,2026-03-14,CUST0020,Ha Noi,Laptop,Laptop Gaming 15,2,13630000,0,Card,COMPLETED
ORD00707,2026-02-21,CUST0234,Ha Noi,Software,Antivirus,4,1400000,0,EWallet,RETURNED
ORD00708,2026-03-15,CUST0008,Hue,Software,Cloud Storage,2,1530000,0.08,Card,COMPLETED
ORD00709,2026-03-31,CUST0158,Can Tho,Laptop,Laptop Pro 14,3,11630000,0,BankTransfer,COMPLETED
ORD00710,2026-01-18,CUST0221,Hue,Printer,Ink Printer,3,2810000,0,Card,COMPLETED
ORD00711,2026-01-10,CUST0033,Ho Chi Minh,Laptop,Laptop Gaming 15,5,13620000,0.08,BankTransfer,COMPLETED
ORD00712,2026-01-13,CUST0087,Ha Noi,Accessory,Keyboard Mechanical,5,330000,0,Card,COMPLETED
ORD00713,2026-02-03,CUST0134,Can Tho,Mobile,Tablet C,3,5780000,0.1,Card,COMPLETED
ORD00714,2026-01-17,CUST0240,Ha Noi,Mobile,Smartphone A,4,5290000,0.15,BankTransfer,COMPLETED
ORD00715,2026-02-07,CUST0127,Ha Noi,Laptop,Laptop Gaming 15,4,20980000,0,EWallet,COMPLETED
ORD00716,2026-03-20,CUST0054,Ha Noi,Printer,Ink Printer,2,2670000,0.1,Card,COMPLETED
ORD00717,2026-01-12,CUST0118,Ha Noi,Accessory,Headphone,4,720000,0.15,Cash,COMPLETED
ORD00718,2026-01-03,CUST0011,Da Nang,Software,Cloud Storage,3,1680000,0.05,BankTransfer,COMPLETED
ORD00719,2026-01-29,CUST0202,Ha Noi,Software,Cloud Storage,2,830000,0,BankTransfer,COMPLETED
ORD00720,2026-01-09,CUST0237,Ho Chi Minh,Printer,Laser Printer,5,3540000,0.08,Cash,COMPLETED
ORD00721,2026-02-08,CUST0116,Ho Chi Minh,Software,Cloud Storage,1,960000,0.15,Cash,COMPLETED
ORD00722,2026-03-07,CUST0215,Ho Chi Minh,Mobile,Tablet C,5,8910000,0.15,Card,COMPLETED
ORD00723,2026-01-24,CUST0185,Da Nang,Software,Antivirus,2,1670000,0.05,BankTransfer,COMPLETED
ORD00724,2026-02-26,CUST0188,Da Nang,Software,Antivirus,2,1300000,0.15,EWallet,COMPLETED
ORD00725,2026-01-27,CUST0231,Ho Chi Minh,Printer,Ink Printer,5,4010000,0.03,BankTransfer,CANCELLED
ORD00726,2026-02-01,CUST0201,Hue,Accessory,Keyboard Mechanical,4,580000,0,Card,COMPLETED
ORD00727,2026-03-02,CUST0119,Ha Noi,Printer,Laser Printer,3,3260000,0.15,Cash,COMPLETED
ORD00728,2026-03-27,CUST0050,Ho Chi Minh,Printer,Laser Printer,3,2950000,0.1,Cash,RETURNED
ORD00729,2026-03-09,CUST0120,Ha Noi,Mobile,Smartphone B,4,8200000,0,Card,COMPLETED
ORD00730,2026-02-03,CUST0036,Can Tho,Accessory,Mouse Wireless,3,650000,0.03,Cash,COMPLETED
ORD00731,2026-02-20,CUST0204,Ho Chi Minh,Laptop,Laptop Gaming 15,4,12890000,0,BankTransfer,COMPLETED
ORD00732,2026-02-12,CUST0040,Ha Noi,Printer,Laser Printer,2,4910000,0,Cash,COMPLETED
ORD00733,2026-02-20,CUST0038,Ho Chi Minh,Accessory,Headphone,2,530000,0,Cash,COMPLETED
ORD00734,2026-02-18,CUST0118,Hue,Accessory,Mouse Wireless,3,420000,0,Cash,CANCELLED
ORD00735,2026-03-03,CUST0201,Da Nang,Laptop,Laptop Edu 13,4,21290000,0.03,EWallet,COMPLETED
ORD00736,2026-03-14,CUST0185,Ha Noi,Accessory,Mouse Wireless,5,680000,0.15,EWallet,COMPLETED
ORD00737,2026-02-27,CUST0188,Hue,Accessory,Mouse Wireless,3,640000,0.05,Card,RETURNED
ORD00738,2026-01-03,CUST0040,Can Tho,Mobile,Smartphone A,2,7560000,0.03,BankTransfer,COMPLETED
ORD00739,2026-02-05,CUST0139,Hai Phong,Software,Office Suite,4,840000,0,EWallet,RETURNED
ORD00740,2026-01-09,CUST0072,Ho Chi Minh,Software,Cloud Storage,4,900000,0.03,Card,COMPLETED
ORD00741,2026-01-10,CUST0115,Ho Chi Minh,Software,Cloud Storage,3,1250000,0,EWallet,CANCELLED
ORD00742,2026-02-16,CUST0183,,Laptop,Laptop Edu 13,1,10710000,0.03,Cash,COMPLETED
ORD00743,2026-02-11,CUST0088,Ha Noi,Printer,Laser Printer,2,4410000,0.1,EWallet,COMPLETED
ORD00744,2026-01-01,CUST0225,Ha Noi,Accessory,USB-C Hub,5,590000,0.15,Cash,COMPLETED
ORD00745,2026-01-03,CUST0103,Da Nang,Software,Antivirus,5,1300000,0.15,Card,COMPLETED
ORD00746,2026-03-14,CUST0072,Hue,Printer,Laser Printer,4,4410000,0.15,Cash,COMPLETED
ORD00747,2026-01-22,CUST0083,Da Nang,Laptop,Laptop Pro 14,3,17740000,0.15,Card,COMPLETED
ORD00748,2026-03-15,CUST0063,Ha Noi,Mobile,Smartphone B,1,9500000,0,EWallet,CANCELLED
ORD00749,2026-01-02,CUST0010,Ha Noi,Software,Antivirus,1,1070000,0.03,Cash,COMPLETED
ORD00750,2026-02-08,CUST0104,Can Tho,Accessory,USB-C Hub,3,410000,0.1,BankTransfer,CANCELLED
ORD00751,2026-02-09,CUST0082,Hai Phong,Printer,Ink Printer,2,2900000,0.08,Card,CANCELLED
ORD00752,2026-01-25,CUST0090,Ho Chi Minh,Mobile,Smartphone A,5,5730000,0,Card,COMPLETED
ORD00753,2026-01-05,CUST0117,Can Tho,Laptop,Laptop Gaming 15,5,12190000,0.15,BankTransfer,COMPLETED
ORD00754,2026-02-17,CUST0120,Ha Noi,Accessory,Mouse Wireless,3,410000,0,Cash,COMPLETED
ORD00755,2026-01-25,CUST0094,Ha Noi,Accessory,Mouse Wireless,5,360000,0.05,EWallet,COMPLETED
ORD00756,2026-01-06,CUST0102,Hai Phong,Laptop,Laptop Pro 14,3,16000000,0,Card,COMPLETED
ORD00757,2026-01-13,CUST0092,Hai Phong,Mobile,Tablet C,5,9120000,0.15,Cash,COMPLETED
ORD00758,2026-02-14,CUST0015,Can Tho,Mobile,Smartphone A,3,6580000,0.08,BankTransfer,COMPLETED
ORD00759,2026-01-10,CUST0124,Da Nang,Accessory,USB-C Hub,1,490000,0.08,BankTransfer,COMPLETED
ORD00760,2026-02-01,CUST0186,Ha Noi,Mobile,Smartphone B,5,5430000,0,BankTransfer,COMPLETED
ORD00761,2026-02-16,CUST0001,Hai Phong,Accessory,Headphone,5,530000,0,Cash,COMPLETED
ORD00762,2026-02-05,CUST0213,Ha Noi,Accessory,Headphone,1,440000,0.1,Card,COMPLETED
ORD00763,2026-03-24,CUST0145,Hai Phong,Printer,Ink Printer,2,4980000,0.08,Card,COMPLETED
ORD00764,2026-03-29,CUST0001,Ho Chi Minh,Accessory,Keyboard Mechanical,5,500000,0.15,Cash,COMPLETED
ORD00765,2026-01-29,CUST0113,Hai Phong,Software,Cloud Storage,5,1400000,0.03,Card,COMPLETED
ORD00766,2026-01-20,CUST0200,Hue,Mobile,Smartphone B,3,6100000,0.03,Card,COMPLETED
ORD00767,2026-02-04,CUST0133,Hai Phong,Software,Office Suite,1,990000,0.1,EWallet,COMPLETED
ORD00768,2026-02-26,CUST0184,Can Tho,Accessory,Mouse Wireless,1,630000,0.05,Card,RETURNED
ORD00769,2026-02-13,CUST0222,Hai Phong,Mobile,Smartphone A,4,10100000,0,BankTransfer,COMPLETED
ORD00770,2026-01-12,CUST0206,Ha Noi,Laptop,Laptop Pro 14,3,20560000,0.15,Cash,COMPLETED
ORD00771,2026-03-06,CUST0114,Ho Chi Minh,Software,Office Suite,1,1150000,0.03,Cash,COMPLETED
ORD00772,2026-02-08,CUST0205,Hai Phong,Software,Cloud Storage,2,1200000,0.1,Cash,COMPLETED
ORD00773,2026-03-08,CUST0171,Hai Phong,Laptop,Laptop Pro 14,5,16470000,0.1,Card,COMPLETED
ORD00774,2026-01-24,CUST0234,Hue,Printer,Ink Printer,1,2540000,0,Card,RETURNED
ORD00775,2026-03-04,CUST0085,Ha Noi,Accessory,Keyboard Mechanical,1,640000,0,Cash,COMPLETED
ORD00776,2026-01-27,CUST0206,Hai Phong,Mobile,Tablet C,5,7360000,0.05,EWallet,COMPLETED
ORD00777,2026-02-24,CUST0095,Ho Chi Minh,Accessory,Mouse Wireless,5,700000,0,BankTransfer,CANCELLED
ORD00778,2026-01-16,CUST0168,Hue,Laptop,Laptop Edu 13,4,21130000,0.08,Card,COMPLETED
ORD00779,2026-03-22,CUST0124,Da Nang,Software,Cloud Storage,4,1320000,0.15,EWallet,COMPLETED
ORD00780,2026-02-05,CUST0181,Ha Noi,Accessory,Keyboard Mechanical,1,610000,0.03,Cash,COMPLETED
ORD00781,2026-02-27,CUST0190,Hue,Software,Antivirus,5,1090000,0.03,BankTransfer,RETURNED
ORD00782,2026-01-17,CUST0236,Ha Noi,Accessory,Mouse Wireless,3,420000,0,BankTransfer,COMPLETED
ORD00783,2026-03-31,CUST0028,Ha Noi,Software,Cloud Storage,1,1630000,0.15,Cash,COMPLETED
ORD00784,2026-03-01,CUST0013,Hai Phong,Software,Cloud Storage,5,1720000,0,BankTransfer,COMPLETED
ORD00785,2026-01-03,CUST0052,Can Tho,Software,Antivirus,4,920000,0.08,Cash,RETURNED
ORD00786,2026-02-21,CUST0029,Ha Noi,Mobile,Smartphone A,1,7050000,0,Cash,COMPLETED
ORD00787,2026-01-31,CUST0021,Can Tho,Printer,Laser Printer,5,3160000,0.15,EWallet,COMPLETED
ORD00788,2026-03-29,CUST0099,Da Nang,Mobile,Tablet C,3,7220000,0,BankTransfer,CANCELLED
ORD00789,2026-03-20,CUST0033,Hue,Software,Antivirus,1,1260000,0,Cash,COMPLETED
ORD00790,2026-02-04,CUST0120,Hai Phong,Software,Cloud Storage,2,800000,0,Card,COMPLETED
ORD00791,2026-01-31,CUST0230,Can Tho,Accessory,Headphone,5,540000,0.15,Card,COMPLETED
ORD00792,2026-02-20,CUST0226,Ho Chi Minh,Accessory,Headphone,2,350000,0,Card,RETURNED
ORD00793,2026-02-22,CUST0056,Hue,Printer,Ink Printer,3,4100000,0.15,Cash,COMPLETED
ORD00794,2026-02-28,CUST0161,Ha Noi,Laptop,Laptop Gaming 15,5,18950000,0.03,EWallet,COMPLETED
ORD00795,2026-03-30,CUST0223,Ha Noi,Software,Antivirus,5,1150000,0,Cash,COMPLETED
ORD00796,2026-02-21,CUST0011,Da Nang,Printer,Ink Printer,3,2790000,0.15,EWallet,COMPLETED
ORD00797,2026-01-31,CUST0085,Hai Phong,Accessory,Keyboard Mechanical,2,440000,0,BankTransfer,COMPLETED
ORD00798,2026-02-14,CUST0050,Ho Chi Minh,Software,Antivirus,5,1100000,0.03,Cash,COMPLETED
ORD00799,2026-03-04,CUST0068,Can Tho,Mobile,Smartphone A,5,6210000,0.03,BankTransfer,COMPLETED
ORD00800,2026-01-24,CUST0114,Hue,Accessory,Keyboard Mechanical,1,390000,0.08,Cash,COMPLETED
ORD00801,2026-01-05,CUST0118,Can Tho,Accessory,Keyboard Mechanical,5,410000,0.15,EWallet,COMPLETED
ORD00802,2026-01-17,CUST0099,Ho Chi Minh,Mobile,Smartphone B,4,6310000,0.1,Cash,COMPLETED
ORD00803,2026-02-03,CUST0224,Da Nang,Accessory,Headphone,4,360000,0.1,EWallet,COMPLETED
ORD00804,2026-02-28,CUST0079,Da Nang,Software,Antivirus,3,970000,0.15,EWallet,COMPLETED
ORD00805,2026-02-19,CUST0210,Hai Phong,Software,Antivirus,5,1250000,0,Card,RETURNED
ORD00806,2026-01-15,CUST0122,Hai Phong,Mobile,Smartphone A,3,6030000,0,EWallet,COMPLETED
ORD00807,2026-03-31,CUST0161,Da Nang,Accessory,Headphone,2,690000,0.1,EWallet,CANCELLED
ORD00808,2026-03-15,CUST0204,Hai Phong,Software,Cloud Storage,2,910000,0.1,BankTransfer,COMPLETED
ORD00809,2026-02-19,CUST0013,Hue,Laptop,Laptop Gaming 15,1,10800000,0.15,Card,RETURNED
ORD00810,2026-01-10,CUST0087,Can Tho,Mobile,Smartphone A,5,7520000,0,Card,COMPLETED
ORD00811,2026-03-06,CUST0003,Da Nang,Software,Cloud Storage,4,1490000,0.15,EWallet,COMPLETED
ORD00812,2026-02-14,CUST0238,Ho Chi Minh,Accessory,Headphone,1,650000,0,Card,COMPLETED
ORD00813,2026-02-27,CUST0155,Can Tho,Printer,Laser Printer,4,4460000,0,Cash,COMPLETED
ORD00814,2026-03-31,CUST0044,Hai Phong,Accessory,USB-C Hub,1,530000,0.15,EWallet,COMPLETED
ORD00815,2026-02-21,CUST0101,Ho Chi Minh,Mobile,Tablet C,4,8420000,0.05,Card,COMPLETED
ORD00816,2026-03-23,CUST0209,Hai Phong,Accessory,Headphone,5,630000,0.05,EWallet,COMPLETED
ORD00817,2026-03-08,CUST0025,Can Tho,Mobile,Tablet C,5,9990000,0.08,Cash,COMPLETED
ORD00818,2026-03-30,CUST0140,Hai Phong,Software,Cloud Storage,5,1660000,0.15,EWallet,COMPLETED
ORD00819,2026-01-04,CUST0140,Hai Phong,Mobile,Smartphone B,2,8240000,0.15,Cash,COMPLETED
ORD00820,2026-03-30,CUST0088,Hue,Mobile,Tablet C,4,4590000,0.1,BankTransfer,COMPLETED
ORD00821,2026-03-28,CUST0085,Hai Phong,Laptop,Laptop Edu 13,2,18580000,0.08,EWallet,COMPLETED
ORD00822,2026-02-17,CUST0117,Ho Chi Minh,Accessory,Mouse Wireless,3,520000,0,BankTransfer,COMPLETED
ORD00823,2026-03-30,CUST0090,Ha Noi,Laptop,Laptop Edu 13,3,11960000,0.08,EWallet,COMPLETED
ORD00824,2026-01-31,CUST0017,Hue,Printer,Laser Printer,1,2350000,0,Card,COMPLETED
ORD00825,2026-03-03,CUST0048,Can Tho,Software,Office Suite,3,940000,0.1,EWallet,COMPLETED
ORD00826,2026-01-22,CUST0154,Can Tho,Printer,Ink Printer,2,4140000,0.03,Cash,COMPLETED
ORD00827,2026-03-04,CUST0050,Hai Phong,Software,Cloud Storage,5,1120000,0.05,Card,RETURNED
ORD00828,2026-02-22,CUST0169,Can Tho,Printer,Ink Printer,2,3470000,0,Cash,COMPLETED
ORD00829,2026-01-28,CUST0190,Ho Chi Minh,Mobile,Smartphone A,2,7870000,0.15,Card,COMPLETED
ORD00830,2026-03-30,CUST0194,Hai Phong,Accessory,USB-C Hub,2,420000,0,Card,COMPLETED
ORD00831,2026-02-08,CUST0211,Ho Chi Minh,Laptop,Laptop Gaming 15,3,19460000,0.1,Card,COMPLETED
ORD00832,2026-03-10,CUST0110,Hue,Mobile,Tablet C,5,6530000,0,BankTransfer,CANCELLED
ORD00833,2026-01-10,CUST0122,Ha Noi,Accessory,Mouse Wireless,3,590000,0.1,BankTransfer,COMPLETED
ORD00834,2026-02-09,CUST0198,Ho Chi Minh,Software,Office Suite,1,1620000,0.03,EWallet,COMPLETED
ORD00835,2026-02-28,CUST0001,Da Nang,Mobile,Smartphone A,5,5430000,0.1,Cash,COMPLETED
ORD00836,2026-03-22,CUST0014,Hue,Laptop,Laptop Pro 14,4,15490000,0.1,EWallet,COMPLETED
ORD00837,2026-03-04,CUST0233,Hue,Mobile,Tablet C,1,7210000,0.05,Card,CANCELLED
ORD00838,2026-03-25,CUST0194,Ho Chi Minh,Mobile,Smartphone A,1,9650000,0.05,BankTransfer,COMPLETED
ORD00839,2026-01-30,CUST0102,Can Tho,Accessory,Headphone,1,550000,0,BankTransfer,COMPLETED
ORD00840,2026-01-29,CUST0214,Ho Chi Minh,Accessory,Headphone,3,350000,0.08,EWallet,COMPLETED
ORD00841,2026-01-19,CUST0237,Da Nang,Mobile,Smartphone A,2,7470000,0,Cash,COMPLETED
ORD00842,2026-01-23,CUST0064,Da Nang,Printer,Ink Printer,1,3950000,0.05,Card,COMPLETED
ORD00843,2026-01-15,CUST0108,Can Tho,Software,Cloud Storage,5,800000,0.08,EWallet,COMPLETED
ORD00844,2026-01-02,CUST0089,Da Nang,Software,Antivirus,4,1210000,0.05,Card,COMPLETED
ORD00845,2026-03-31,CUST0075,Hue,Accessory,Mouse Wireless,2,490000,0,EWallet,CANCELLED
ORD00846,2026-02-05,CUST0155,Hue,Software,Office Suite,3,1680000,0,Cash,COMPLETED
ORD00847,2026-03-04,CUST0021,Ha Noi,Laptop,Laptop Gaming 15,3,11260000,0.05,Card,COMPLETED
ORD00848,2026-01-09,CUST0060,Ha Noi,Accessory,Headphone,3,390000,0,Card,COMPLETED
ORD00849,2026-01-11,CUST0010,Da Nang,Mobile,Tablet C,2,5770000,0,Card,COMPLETED
ORD00850,2026-01-08,CUST0008,Ha Noi,Printer,Laser Printer,3,2900000,0,BankTransfer,COMPLETED
ORD00851,2026-01-26,CUST0116,Hai Phong,Accessory,Headphone,3,510000,0.15,Card,COMPLETED
ORD00852,2026-02-27,CUST0171,Ha Noi,Accessory,Keyboard Mechanical,3,630000,0,Card,COMPLETED
ORD00853,2026-02-15,CUST0170,Da Nang,Laptop,Laptop Gaming 15,3,20890000,0.05,EWallet,COMPLETED
ORD00854,2026-01-09,CUST0094,Hue,Mobile,Smartphone B,5,7850000,0,Card,COMPLETED
ORD00855,2026-03-25,CUST0106,Can Tho,Software,Cloud Storage,3,830000,0.03,BankTransfer,COMPLETED
ORD00856,2026-03-19,CUST0155,Ha Noi,Accessory,Headphone,2,550000,0.08,Card,COMPLETED
ORD00857,2026-03-21,CUST0186,Can Tho,Software,Cloud Storage,5,1100000,0,BankTransfer,COMPLETED
ORD00858,2026-01-26,CUST0033,Hai Phong,Laptop,Laptop Gaming 15,5,9850000,0.1,EWallet,COMPLETED
ORD00859,2026-03-04,CUST0191,Ha Noi,Printer,Laser Printer,2,3100000,0.15,EWallet,COMPLETED
ORD00860,2026-03-24,CUST0178,Ho Chi Minh,Software,Antivirus,4,1270000,0.05,BankTransfer,COMPLETED
ORD00861,2026-03-19,CUST0026,Ha Noi,Accessory,Mouse Wireless,3,510000,0.05,EWallet,COMPLETED
ORD00862,2026-01-31,CUST0224,Hue,Printer,Ink Printer,4,2870000,0.08,Card,COMPLETED
ORD00863,2026-03-13,CUST0212,Da Nang,Printer,Ink Printer,5,2280000,0.1,Cash,CANCELLED
ORD00864,2026-03-24,CUST0088,Hue,Software,Cloud Storage,3,1020000,0.05,BankTransfer,COMPLETED
ORD00865,2026-03-22,CUST0020,Ha Noi,Software,Office Suite,1,790000,0,Card,COMPLETED
ORD00866,2026-01-21,CUST0203,Ho Chi Minh,Software,Cloud Storage,5,1620000,0.08,EWallet,COMPLETED
ORD00867,2026-01-05,CUST0195,Hue,Mobile,Tablet C,5,6510000,0.03,EWallet,COMPLETED
ORD00868,2026-03-21,CUST0150,Hue,Mobile,Smartphone B,4,5840000,0.1,Cash,COMPLETED
ORD00869,2026-03-13,CUST0236,Da Nang,Accessory,Keyboard Mechanical,3,660000,0,EWallet,COMPLETED
ORD00870,2026-01-06,CUST0032,Ha Noi,Printer,Laser Printer,2,4730000,0.08,EWallet,COMPLETED
ORD00871,2026-03-04,CUST0239,Ha Noi,Accessory,USB-C Hub,1,510000,0.1,BankTransfer,COMPLETED
ORD00872,2026-01-01,CUST0152,Ho Chi Minh,Software,Cloud Storage,5,1450000,0.03,EWallet,COMPLETED
ORD00873,2026-02-19,CUST0228,Hai Phong,Mobile,Smartphone B,3,6580000,0,EWallet,COMPLETED
ORD00874,2026-02-25,CUST0085,Ha Noi,Software,Cloud Storage,4,1580000,0,Cash,RETURNED
ORD00875,2026-02-08,CUST0152,Da Nang,Mobile,Smartphone B,3,6530000,0.05,Card,COMPLETED
ORD00876,2026-03-02,CUST0043,Hai Phong,Mobile,Tablet C,1,4940000,0,Cash,COMPLETED
ORD00877,2026-01-02,CUST0171,Hue,Mobile,Smartphone A,5,6820000,0,Card,RETURNED
ORD00878,2026-01-12,CUST0149,Ha Noi,Mobile,Smartphone B,1,8830000,0.08,EWallet,COMPLETED
ORD00879,2026-03-05,CUST0141,Ho Chi Minh,Printer,Ink Printer,5,2980000,0.03,Card,COMPLETED
ORD00880,2026-02-20,CUST0002,Da Nang,Mobile,Smartphone B,3,4720000,0.03,BankTransfer,COMPLETED
ORD00881,2026-01-10,CUST0223,Can Tho,Laptop,Laptop Pro 14,2,13670000,0.1,Cash,COMPLETED
ORD00882,2026-03-05,CUST0223,Ha Noi,Laptop,Laptop Edu 13,4,21130000,0,EWallet,COMPLETED
ORD00883,2026-01-06,CUST0216,Ha Noi,Mobile,Smartphone A,1,8220000,0.05,Card,COMPLETED
ORD00884,2026-02-02,CUST0143,Ho Chi Minh,Printer,Laser Printer,3,4710000,0.1,BankTransfer,COMPLETED
ORD00885,2026-03-17,CUST0014,Hai Phong,Laptop,Laptop Pro 14,3,20670000,0.15,BankTransfer,COMPLETED
ORD00886,2026-02-27,CUST0130,Hue,Printer,Ink Printer,1,4650000,0,BankTransfer,COMPLETED
ORD00887,2026-03-21,CUST0224,Hai Phong,Software,Antivirus,3,1330000,0.08,EWallet,COMPLETED
ORD00888,2026-01-03,CUST0093,Da Nang,Software,Cloud Storage,2,1510000,0,Card,COMPLETED
ORD00889,2026-01-22,CUST0229,Ho Chi Minh,Software,Antivirus,5,1580000,0,Card,COMPLETED
ORD00890,2026-03-19,CUST0070,Can Tho,Mobile,Smartphone B,3,8680000,0.08,BankTransfer,COMPLETED
ORD00891,2026-01-03,CUST0061,Hai Phong,Software,Office Suite,5,1280000,0.15,EWallet,COMPLETED
ORD00892,2026-01-06,CUST0004,Ho Chi Minh,Mobile,Smartphone A,1,6070000,0.05,BankTransfer,COMPLETED
ORD00893,2026-01-29,CUST0136,Can Tho,Printer,Ink Printer,1,4690000,0.15,Cash,COMPLETED
ORD00894,2026-01-10,CUST0044,Ho Chi Minh,Printer,Ink Printer,3,3000000,0,EWallet,COMPLETED
ORD00895,2026-03-19,CUST0131,Ha Noi,Software,Office Suite,5,1290000,0,BankTransfer,COMPLETED
ORD00896,2026-03-15,CUST0215,Da Nang,Software,Office Suite,4,1120000,0.08,Card,COMPLETED
ORD00897,2026-02-02,CUST0189,Hai Phong,Mobile,Smartphone B,1,9420000,0.08,EWallet,COMPLETED
ORD00898,2026-03-05,CUST0208,Can Tho,Printer,Ink Printer,1,4230000,0,EWallet,COMPLETED
ORD00899,2026-02-07,CUST0055,Can Tho,Mobile,Tablet C,2,7240000,0.15,Card,COMPLETED
ORD00900,2026-02-06,CUST0072,Ho Chi Minh,Printer,Laser Printer,3,3620000,0.03,Card,COMPLETED
ORD00901,2026-02-12,CUST0092,Hai Phong,Laptop,Laptop Pro 14,2,12610000,0,Card,COMPLETED
ORD00902,2026-02-09,CUST0181,Can Tho,Software,Cloud Storage,4,1220000,0,EWallet,COMPLETED
ORD00903,2026-03-22,CUST0106,Hue,Laptop,Laptop Edu 13,2,10270000,0.08,BankTransfer,COMPLETED
ORD00904,2026-02-03,CUST0176,Can Tho,Printer,Laser Printer,2,2380000,0.1,Cash,COMPLETED
ORD00905,2026-02-10,CUST0024,Ha Noi,Software,Office Suite,4,1140000,0.1,Card,COMPLETED
ORD00906,2026-03-05,CUST0166,Ho Chi Minh,Laptop,Laptop Pro 14,4,19040000,0.08,Cash,RETURNED
ORD00907,2026-02-10,CUST0231,Can Tho,Laptop,Laptop Pro 14,3,13270000,0.1,Cash,COMPLETED
ORD00908,2026-03-17,CUST0182,Da Nang,Accessory,Keyboard Mechanical,2,390000,0,Cash,COMPLETED
ORD00909,2026-02-23,CUST0020,Can Tho,Mobile,Smartphone B,3,9870000,0,BankTransfer,COMPLETED
ORD00910,2026-03-07,CUST0163,Hai Phong,Accessory,Headphone,3,700000,0,BankTransfer,COMPLETED
ORD00911,2026-01-06,CUST0055,Ha Noi,Printer,Laser Printer,1,3720000,0,EWallet,COMPLETED
ORD00912,2026-02-25,CUST0177,Ha Noi,Laptop,Laptop Edu 13,1,16360000,0.08,Cash,COMPLETED
ORD00913,2026-02-17,CUST0032,Hai Phong,Software,Cloud Storage,5,850000,0,Cash,COMPLETED
ORD00914,2026-03-08,CUST0048,Ho Chi Minh,Accessory,USB-C Hub,2,410000,0.03,BankTransfer,COMPLETED
ORD00915,2026-03-07,CUST0176,Hai Phong,Printer,Laser Printer,2,4430000,0,BankTransfer,COMPLETED
ORD00916,2026-01-25,CUST0094,Hue,Laptop,Laptop Edu 13,4,21600000,0,Cash,COMPLETED
ORD00917,2026-03-13,CUST0030,Ha Noi,Accessory,Mouse Wireless,4,530000,0,Cash,CANCELLED
ORD00918,2026-03-20,CUST0103,Hai Phong,Accessory,USB-C Hub,3,650000,0,EWallet,COMPLETED
ORD00919,2026-02-16,CUST0169,Hai Phong,Laptop,Laptop Gaming 15,3,13850000,0,BankTransfer,COMPLETED
ORD00920,2026-01-21,CUST0078,Ha Noi,Software,Cloud Storage,1,910000,0,EWallet,COMPLETED
ORD00921,2026-01-14,CUST0219,Ha Noi,Accessory,USB-C Hub,1,470000,0.05,EWallet,COMPLETED
ORD00922,2026-01-31,CUST0046,Ha Noi,Laptop,Laptop Gaming 15,1,15420000,0,BankTransfer,COMPLETED
ORD00923,2026-02-09,CUST0053,Da Nang,Mobile,Tablet C,4,7170000,0.15,Card,RETURNED
ORD00924,2026-02-24,CUST0152,Ha Noi,Accessory,Keyboard Mechanical,3,650000,0,BankTransfer,COMPLETED
ORD00925,2026-01-03,CUST0047,Ha Noi,Printer,Laser Printer,1,3950000,0,EWallet,COMPLETED
ORD00926,2026-01-16,CUST0183,Hue,Laptop,Laptop Gaming 15,4,18100000,0.1,EWallet,COMPLETED
ORD00927,2026-03-07,CUST0223,Hue,Laptop,Laptop Pro 14,3,17850000,0,BankTransfer,COMPLETED
ORD00928,2026-03-06,CUST0172,Ha Noi,Software,Office Suite,5,1190000,0,BankTransfer,COMPLETED
ORD00929,2026-02-24,CUST0161,Da Nang,Laptop,Laptop Edu 13,3,21440000,0,BankTransfer,COMPLETED
ORD00930,2026-02-12,CUST0087,Hai Phong,Laptop,Laptop Edu 13,4,11440000,0.05,EWallet,COMPLETED
ORD00931,2026-03-18,CUST0239,Hue,Laptop,Laptop Edu 13,1,18800000,0.1,Card,COMPLETED
ORD00932,2026-01-08,CUST0081,Hai Phong,Accessory,Keyboard Mechanical,4,510000,0.08,EWallet,COMPLETED
ORD00933,2026-02-18,CUST0034,Hai Phong,Laptop,Laptop Pro 14,5,14420000,0,Card,CANCELLED
ORD00934,2026-02-22,CUST0077,Da Nang,Printer,Laser Printer,1,4290000,0.05,BankTransfer,COMPLETED
ORD00935,2026-03-18,CUST0117,Ha Noi,Laptop,Laptop Pro 14,3,11470000,0,Cash,COMPLETED
ORD00936,2026-01-21,CUST0164,Hue,Software,Cloud Storage,4,840000,0.05,EWallet,COMPLETED
ORD00937,2026-02-10,CUST0109,Da Nang,Mobile,Smartphone B,1,8200000,0,Cash,COMPLETED
ORD00938,2026-03-14,CUST0200,Ha Noi,Laptop,Laptop Pro 14,1,9970000,0.15,BankTransfer,COMPLETED
ORD00939,2026-01-14,CUST0113,Da Nang,Laptop,Laptop Pro 14,4,21270000,0,Cash,COMPLETED
ORD00940,2026-01-15,CUST0076,Hai Phong,Laptop,Laptop Pro 14,4,10150000,0,BankTransfer,COMPLETED
ORD00941,2026-01-28,CUST0215,Ho Chi Minh,Software,Office Suite,1,880000,0.08,EWallet,COMPLETED
ORD00942,2026-01-07,CUST0201,Hai Phong,Software,Cloud Storage,5,1670000,0.03,EWallet,COMPLETED
ORD00943,2026-02-04,CUST0029,Ho Chi Minh,Software,Cloud Storage,2,1560000,0.08,BankTransfer,COMPLETED
ORD00944,2026-03-31,CUST0013,Hue,Accessory,Headphone,2,470000,0,EWallet,COMPLETED
ORD00945,2026-01-15,CUST0156,Hue,Accessory,Keyboard Mechanical,3,550000,0,Cash,COMPLETED
ORD00946,2026-01-17,CUST0033,Da Nang,Mobile,Tablet C,5,9570000,0.03,BankTransfer,RETURNED
ORD00947,2026-02-02,CUST0160,Can Tho,Software,Antivirus,3,1360000,0,BankTransfer,COMPLETED
ORD00948,2026-02-11,CUST0008,Can Tho,Software,Cloud Storage,5,1150000,0,Cash,COMPLETED
ORD00949,2026-02-21,CUST0180,Hai Phong,Accessory,Headphone,1,340000,0,Card,COMPLETED
ORD00950,2026-01-13,CUST0114,Da Nang,Accessory,USB-C Hub,3,510000,0.03,BankTransfer,COMPLETED
ORD00951,2026-03-02,CUST0094,Ha Noi,Software,Antivirus,4,1600000,0.08,Cash,COMPLETED
ORD00952,2026-01-07,CUST0009,Hai Phong,Accessory,Mouse Wireless,5,640000,0,EWallet,COMPLETED
ORD00953,2026-01-20,CUST0076,Hue,Software,Antivirus,2,1480000,0.03,EWallet,COMPLETED
ORD00954,2026-01-04,CUST0009,Da Nang,Printer,Laser Printer,4,3520000,0,Cash,COMPLETED
ORD00955,2026-02-12,CUST0024,Da Nang,Mobile,Tablet C,5,7230000,0.15,Cash,COMPLETED
ORD00956,2026-03-03,CUST0122,Da Nang,Accessory,Keyboard Mechanical,5,350000,0,Cash,COMPLETED
ORD00957,2026-02-20,CUST0157,Ha Noi,Printer,Laser Printer,3,2530000,0.03,EWallet,CANCELLED
ORD00958,2026-02-12,CUST0155,Hai Phong,Mobile,Smartphone A,2,5440000,0.1,EWallet,COMPLETED
ORD00959,2026-02-12,CUST0158,Can Tho,Software,Cloud Storage,4,910000,0.08,BankTransfer,COMPLETED
ORD00960,2026-01-24,CUST0063,Da Nang,Accessory,Mouse Wireless,5,670000,0.03,Card,COMPLETED
ORD00961,2026-03-11,CUST0054,Da Nang,Printer,Laser Printer,5,3300000,0.08,EWallet,COMPLETED
ORD00962,2026-03-01,CUST0165,Can Tho,Printer,Ink Printer,4,2980000,0.08,BankTransfer,COMPLETED
ORD00963,2026-03-17,CUST0232,Can Tho,Laptop,Laptop Edu 13,3,14150000,0,Card,COMPLETED
ORD00964,2026-01-27,CUST0121,Hai Phong,Laptop,Laptop Edu 13,5,14320000,0,BankTransfer,COMPLETED
ORD00965,2026-02-15,CUST0218,Hai Phong,Mobile,Smartphone B,1,7190000,0,EWallet,RETURNED
ORD00966,2026-03-25,CUST0192,Ha Noi,Printer,Laser Printer,3,3380000,0,EWallet,COMPLETED
ORD00967,2026-02-01,CUST0194,Da Nang,Software,Antivirus,5,1300000,0.05,Card,COMPLETED
ORD00968,2026-01-12,CUST0196,Ha Noi,Laptop,Laptop Gaming 15,4,17550000,0.15,Card,COMPLETED
ORD00969,2026-01-05,CUST0034,Da Nang,Printer,Laser Printer,5,4440000,0.05,Cash,COMPLETED
ORD00970,2026-01-27,CUST0142,Can Tho,Printer,Ink Printer,2,3000000,0.05,Card,COMPLETED
ORD00971,2026-01-13,CUST0076,Ho Chi Minh,Laptop,Laptop Pro 14,2,17470000,0,BankTransfer,COMPLETED
ORD00972,2026-01-06,CUST0126,Ho Chi Minh,Mobile,Smartphone B,4,6220000,0.1,Cash,COMPLETED
ORD00973,2026-01-08,CUST0224,Ho Chi Minh,Laptop,Laptop Gaming 15,5,18160000,0,BankTransfer,COMPLETED
ORD00974,2026-02-24,CUST0080,Can Tho,Laptop,Laptop Gaming 15,4,17880000,0,BankTransfer,COMPLETED
ORD00975,2026-01-24,CUST0197,Can Tho,Laptop,Laptop Edu 13,3,20290000,0.08,Cash,COMPLETED
ORD00976,2026-03-07,CUST0091,Can Tho,Laptop,Laptop Edu 13,3,17560000,0.05,Card,COMPLETED
ORD00977,2026-02-04,CUST0234,Ha Noi,Mobile,Tablet C,2,4810000,0.1,EWallet,COMPLETED
ORD00978,2026-01-15,CUST0078,Hue,Accessory,Headphone,5,630000,0,EWallet,COMPLETED
ORD00979,2026-02-28,CUST0017,Da Nang,Laptop,Laptop Pro 14,4,12170000,0,EWallet,COMPLETED
ORD00980,2026-03-14,CUST0097,Can Tho,Software,Antivirus,4,1280000,0,BankTransfer,COMPLETED
ORD00981,2026-03-12,CUST0171,Ho Chi Minh,Printer,Laser Printer,1,2960000,0,EWallet,RETURNED
ORD00982,2026-03-06,CUST0098,Da Nang,Laptop,Laptop Pro 14,5,10780000,0.1,BankTransfer,COMPLETED
ORD00983,2026-03-01,CUST0124,Hue,Printer,Laser Printer,4,3490000,0.1,Card,COMPLETED
ORD00984,2026-03-28,CUST0053,Can Tho,Accessory,Keyboard Mechanical,4,330000,0,Card,COMPLETED
ORD00985,2026-02-06,CUST0050,Can Tho,Printer,Ink Printer,3,2350000,0,BankTransfer,COMPLETED
ORD00986,2026-01-20,CUST0093,Can Tho,Accessory,Headphone,2,480000,0.15,Cash,COMPLETED
ORD00987,2026-01-18,CUST0084,Ha Noi,Software,Office Suite,3,930000,0.08,Card,COMPLETED
ORD00988,2026-03-21,CUST0057,Can Tho,Printer,Ink Printer,4,4590000,0,Card,COMPLETED
ORD00989,2026-01-28,CUST0115,Hai Phong,Accessory,Keyboard Mechanical,3,470000,0.15,EWallet,RETURNED
ORD00990,2026-03-20,CUST0185,Can Tho,Printer,Ink Printer,4,2530000,0,Card,RETURNED
ORD00991,2026-01-19,CUST0155,Hue,Mobile,Smartphone A,5,7450000,0,Card,COMPLETED
ORD00992,2026-01-13,CUST0046,Can Tho,Printer,Ink Printer,4,3200000,0.15,EWallet,COMPLETED
ORD00993,2026-01-19,CUST0019,Da Nang,Mobile,Smartphone B,2,6540000,0.08,BankTransfer,COMPLETED
ORD00994,2026-03-05,CUST0177,Da Nang,Accessory,USB-C Hub,1,470000,0.03,Cash,CANCELLED
ORD00995,2026-01-22,CUST0012,Hue,Software,Cloud Storage,4,1360000,0.05,Card,COMPLETED
ORD00996,2026-01-25,CUST0106,Ha Noi,Laptop,Laptop Pro 14,5,18540000,0.15,Card,COMPLETED
ORD00997,2026-02-10,CUST0223,Da Nang,Printer,Laser Printer,3,2630000,0.15,Cash,COMPLETED
ORD00998,2026-02-23,CUST0126,Hue,Software,Antivirus,1,890000,0,Card,CANCELLED
ORD00999,2026-02-06,CUST0192,Ha Noi,Software,Antivirus,5,1650000,0.05,EWallet,COMPLETED
ORD01000,2026-01-20,CUST0017,Ho Chi Minh,Accessory,Mouse Wireless,1,570000,0.1,BankTransfer,COMPLETED
